name,AB_IG,HT_IG,Ibk_IG,J48_IG,Jrip_IG,Log_IG,MLP_IG,NB_IG,REP_IG,RF_IG,SGD_IG,SVM_IG
2dplanes.arff,0.9191289,0.9831204,0.9553286,0.9792148,0.9454325,0.9177793,0.8836308,0.7195182,0.9820606,0.9783436,0.8353035,0.8365623
abalone.arff,0.8255276,0.7391045,0.7205931,0.805464,0.7887478,0.873881,0.870369,0.8214999,0.8370949,0.8694509,0.784793,0.7740797
ada_prior.arff,0.8547692,0.760873,0.6938827,0.8196336,0.7426958,0.8882084,0.852503,0.8827954,0.8375106,0.8772744,0.7590853,0.7434142
adult.arff,0.8591324,0.8877298,0.7225224,0.875511,0.7426617,0.911535,0.8537645,0.9018806,0.8797777,0.8751206,0.7686008,0.7641564
adult-census.arff,0.872693,0.858105,0.7120459,0.8914715,0.7488099,0.9048528,0.872294,0.8921231,0.8755426,0.9037602,0.7563949,0.7534414
ailerons.arff,0.9299388,0.8700701,0.8262653,0.8780472,0.8861904,0.9519101,0.9518248,0.8460188,0.9267157,0.9505734,0.8706045,0.8744894
analcatdata_apnea1.arff,0.8983352,0.9149439,0.8494144,0.912616,0.852773,0.9168507,0.9104627,0.9149439,0.9126354,0.9254743,0.8675087,0.8675087
analcatdata_apnea2.arff,0.941986,0.9458769,0.8187185,0.9257937,0.9231757,0.9502808,0.9318429,0.9458769,0.9295684,0.9611933,0.9316784,0.9316784
analcatdata_apnea3.arff,0.9017264,0.9183632,0.8175042,0.8910277,0.787124,0.9335469,0.9018888,0.9183632,0.9122542,0.944376,0.8966667,0.8966667
analcatdata_asbestos.arff,0.8660417,0.8566667,0.7775,0.7641666,0.7616666,0.8454167,0.8629167,0.8566667,0.8293749,0.8158333,0.7716666,0.7641666
analcatdata_authorship.arff,0.9964878,0.9972338,0.9939582,0.9513067,0.960581,0.9998798,0.9998798,0.9971744,0.9581158,1,0.9920673,0.995553
analcatdata_bankruptcy.arff,0.9333334,0.8999999,0.8749998,0.8583333,0.8166665,0.9,0.9666666,0.8999999,0.5,0.9333333,0.8833332,0.8499999
analcatdata_birthday.arff,0.9236424,0.9022648,0.8103462,0.7211997,0.7534811,0.7662097,0.9157997,0.9209072,0.6109476,0.8969289,0.7097178,0.6295062
analcatdata_bondrate.arff,0.5472222,0.5555556,0.4833332,0.6451388,0.5402778,0.4729167,0.6319444,0.5666666,0.5,0.6694445,0.6333333,0.6333334
analcatdata_boxing1.arff,0.7977232,0.8984821,0.8483928,0.8783482,0.7305804,0.8503571,0.8950893,0.8984821,0.8566071,0.9225893,0.8219643,0.7903571
analcatdata_boxing2.arff,0.7887755,0.8410714,0.7899021,0.8428996,0.8122024,0.8407737,0.815221,0.8410714,0.8570365,0.8505952,0.791369,0.8294642
analcatdata_broadway.arff,1,1,0.7916667,1,0.9416667,1,1,1,1,1,1,1
analcatdata_broadwaymult.arff,0.8190257,0.8096647,0.3840226,0.7851576,0.7712777,0.4496464,0.8536151,0.8101856,0.5,0.6058851,0.7690173,0.7719474
analcatdata_creditscore.arff,0.9928571,0.9904762,0.7017857,0.9928571,0.9928571,0.9904762,0.9095239,0.9794643,0.9803571,0.9904762,0.6619047,0.6119047
analcatdata_cyyoung8092.arff,0.8346725,0.5375,0.5708331,0.6930059,0.7421129,0.8324405,0.7523809,0.8056549,0.5784226,0.8041667,0.6919643,0.5755952
analcatdata_cyyoung9302.arff,0.8763393,0.5,0.6633928,0.7294643,0.7312499,0.8714285,0.9035714,0.9102678,0.6633929,0.8303571,0.8187499,0.7651785
analcatdata_dmft.arff,0.5500324,0.5,0.4810246,0.5,0.5,0.5459572,0.5465868,0.5527931,0.5042187,0.460925,0.5,0.5
analcatdata_draft.arff,0.6063207,0.5340909,0.5377449,0.5,0.5106952,0.5712567,0.4836006,0.5985295,0.5379679,0.5679291,0.5,0.5
analcatdata_election2000.arff,0.99,1,0.955,0.885,0.94,0.965,0.99,0.99,0.5,1,0.895,0.85
analcatdata_gsssexsurvey.arff,0.5728097,0.5,0.5461538,0.5063567,0.4961538,0.6067842,0.6000535,0.5532052,0.5,0.5687768,0.5544871,0.5294871
analcatdata_gviolence.arff,0.9766666,0.9833333,0.9483333,0.9775,0.9775,1,1,0.975,0.5,0.9916667,0.9875,0.9875
analcatdata_halloffame.arff,0.9452517,0.5,0.7689806,0.7659626,0.7873443,0.9638184,0.9280961,0.9490933,0.5,0.9596473,0.8035368,0.7910402
analcatdata_japansolvent.arff,0.8694445,0.925,0.8249999,0.6916666,0.8249999,0.8166667,0.8944445,0.925,0.5,0.8611112,0.7166665,0.825
analcatdata_lawsuit.arff,0.9896666,0.9855834,0.8198333,0.9198751,0.9709167,0.9979167,0.9958334,0.9875834,0.96275,0.9949167,0.8229167,0.55
analcatdata_marketing.arff,0.5577804,0.5,0.5331818,0.4918031,0.5332873,0.5138699,0.5495733,0.5193068,0.5067727,0.4755064,0.4851591,0.5232425
analcatdata_michiganacc.arff,0.8383332,0.8050001,0.6625001,0.6391668,0.62375,0.8033332,0.8091667,0.8016668,0.6079168,0.7579166,0.7383334,0.7408334
analcatdata_neavote.arff,0.4277779,0.3611111,0.5,0.35,0.35,0.4777778,0.4,0.4722223,0.35,0.4999999,0.35,0.35
analcatdata_negotiation.arff,0.9432539,0.9674603,0.7726189,0.8511904,0.8369047,0.9746032,0.9666666,0.9603175,0.8392857,0.9309522,0.8297618,0.7797618
analcatdata_olympic2000.arff,1,0.9666667,0.8708332,0.9833333,0.9833333,0.95,0.938889,0.9666667,0.5,1,0.8999999,0.9041666
analcatdata_reviewer.arff,0.6433677,0.6602292,0.622504,0.5727918,0.5874841,0.657937,0.5984558,0.6735815,0.5,0.6491171,0.6011252,0.5946834
analcatdata_runshoes.arff,0.7416668,0.8375001,0.525,0.7388889,0.7541667,0.8541667,0.825,0.8250001,0.6590277,0.8361112,0.7083333,0.6583333
analcatdata_seropositive.arff,0.9802777,0.9597222,0.9656944,0.9261111,0.8736111,0.9683333,0.9572222,0.9575,0.88375,0.9855555,0.9494444,0.9494444
analcatdata_supreme.arff,0.9982442,0.9867157,0.9971363,0.9854205,0.9873279,0.9940097,0.9924727,0.9853547,0.9899954,0.9979922,0.9841502,0.9832637
analcatdata_uktrainacc.arff,0.35,0.3,0.2,0.325,0.35,0.3666667,0.3166667,0.225,0.2,0.3333333,0.225,0.25
analcatdata_vehicle.arff,0.8875,0.9,0.9333334,0.8416666,0.7583333,0.825,0.8916666,0.9,0.8416666,0.9666667,0.7666666,0.8416666
analcatdata_vineyard.arff,0.8096474,0.8718772,0.8559066,0.8976649,0.8650869,0.8373443,0.7618727,0.8819321,0.9026283,0.9475595,0.7492951,0.7487456
analcatdata_wildcat.arff,0.7999621,0.8035986,0.7082008,0.7700568,0.66125,0.8287501,0.8342804,0.8033334,0.7533334,0.8325758,0.7107575,0.6453029
anneal.arff,0.9791046,0.5143832,0.9071982,0.9562914,0.9287675,0.9247215,0.9809741,0.8692947,0.9369805,0.9858825,0.8485146,0.8236312
AP_Breast_Kidney.arff,0.9911927,0.969583,0.9614673,0.9404395,0.9653215,0.9852681,0.8131884,0.9715061,0.957634,0.9915336,0.9787749,0.9792274
AP_Breast_Omentum.arff,0.9762897,0.9528361,0.8980987,0.9448274,0.9378488,0.8850098,0.7428999,0.9543486,0.9036659,0.9765959,0.9380882,0.9395168
AP_Breast_Prostate.arff,0.9852942,0.9884873,0.9785714,0.9813444,0.9655881,0.9963026,0.9083313,0.9884873,0.9626889,0.9985294,0.9857143,0.9828572
AP_Colon_Kidney.arff,0.9976435,0.9706991,0.977932,0.9463812,0.9629927,0.9810345,0.9126516,0.9726221,0.9603592,0.9986595,0.9783914,0.9834264
AP_Colon_Omentum.arff,0.9752771,0.9370999,0.886207,0.8059113,0.9136006,0.862885,0.7925646,0.9308499,0.8912408,0.9785714,0.9004927,0.9100679
AP_Colon_Ovary.arff,0.977505,0.9334731,0.9030335,0.9199578,0.9188016,0.9196274,0.7467133,0.9352587,0.9358636,0.9779716,0.9292489,0.9218513
AP_Colon_Prostate.arff,0.9979944,0.9823277,0.9632183,0.9632185,0.9435141,0.9690183,0.714576,0.9841134,0.9667898,0.9974021,0.977032,0.9698275
AP_Endometrium_Breast.arff,0.9894118,0.95507,0.9421709,0.9231932,0.9456304,0.9912324,0.6782072,0.9535994,0.8846357,0.9941736,0.9593978,0.962297
AP_Endometrium_Lung.arff,0.979136,0.9446887,0.9729851,0.8664682,0.8668422,0.9724128,0.8077077,0.9684981,0.8925824,0.9859278,0.9450092,0.9488554
AP_Endometrium_Prostate.arff,0.9857142,0.9928571,0.9916667,0.9845238,0.9773809,1,0.6904762,0.9928571,0.9785713,1,0.9928571,1
AP_Lung_Uterus.arff,0.9766027,0.9516024,0.9073717,0.911859,0.9121796,0.899359,0.8926282,0.9477563,0.9413459,0.9836537,0.9157052,0.9233974
AP_Omentum_Kidney.arff,0.9935439,0.9769916,0.9644916,0.9430973,0.9341001,0.9786057,0.84375,0.9769916,0.9514423,0.9975962,0.9707416,0.9759614
AP_Omentum_Lung.arff,0.9679488,0.9253661,0.8986033,0.8492788,0.8902586,0.9392514,0.7691507,0.9182232,0.8812042,0.9793842,0.9063642,0.9173532
AP_Omentum_Ovary.arff,0.8639498,0.7177491,0.6862876,0.6777607,0.6949225,0.6790273,0.5944972,0.7087406,0.6867575,0.8631838,0.6709116,0.6810431
AP_Omentum_Uterus.arff,0.9367503,0.8989467,0.8296016,0.8207589,0.8480825,0.9122825,0.7433323,0.8912831,0.817342,0.9657853,0.9128662,0.9090199
AP_Ovary_Uterus.arff,0.9373954,0.8357793,0.7754115,0.7962897,0.8443672,0.8961463,0.6814389,0.8330397,0.8444552,0.95978,0.877807,0.880759
AP_Prostate_Kidney.arff,0.9989011,0.9724357,0.9735347,0.9768314,0.9787546,0.9918498,0.7858974,0.978205,0.9787546,0.9988095,0.9768314,0.9878205
AP_Prostate_Uterus.arff,0.9744047,0.9928571,0.9958333,0.970238,0.9744047,0.9581501,0.765293,0.9928571,0.9744047,1,0.9768314,0.9747252
AP_Uterus_Kidney.arff,0.9961538,0.9705128,0.9621795,0.9659023,0.9713017,0.9793146,0.8284394,0.9746794,0.9525639,0.9961538,0.9903845,0.9785256
ar1.arff,0.6185606,0.45,0.6750001,0.5863636,0.4363636,0.456818,0.609091,0.6,0.45,0.6598486,0.4454545,0.4454545
ar4.arff,0.8618055,0.6472222,0.6027776,0.6645834,0.6666665,0.6756945,0.8166666,0.8,0.6083333,0.8124998,0.6576388,0.6388888
ar5.arff,0.6666666,0.6166667,0.5666666,0.6333333,0.6833333,0.6,0.7333334,0.7333334,0.5,0.7,0.6666666,0.6166666
ar6.arff,0.5538195,0.4996528,0.6545139,0.5114583,0.5201388,0.7152779,0.7499999,0.6638889,0.5381944,0.6805555,0.675,0.575
arsenic-female-bladder.arff,0.7824135,0.8198361,0.6404919,0.5,0.5510416,0.8052028,0.7897165,0.8603419,0.6931517,0.7621566,0.5666666,0.5666666
arsenic-female-lung.arff,0.938426,0.8231482,0.8953705,0.5,0.85,0.8333334,0.8796297,0.8680557,0.8930555,0.8916666,0.85,0.85
arsenic-male-bladder.arff,0.9058613,0.8447066,0.7934312,0.5,0.7583333,0.8166317,0.8689553,0.8663085,0.838854,0.8654786,0.7583333,0.7583333
arsenic-male-lung.arff,0.95,1,1,0.5,0.95,1,1,1,0.925,1,1,1
audiology.arff,0.9818995,0.4882352,0.9625489,0.9768627,0.944902,0.8870526,0.9880392,0.9679779,0.9750979,0.9929411,0.9459927,0.9378432
Australian.arff,0.9195898,0.8547351,0.8027892,0.8797432,0.8027892,0.9325723,0.9289294,0.8210811,0.8924878,0.9285778,0.8591045,0.8620608
auto_price.arff,1,0.9946969,0.9265152,0.9469697,0.9431213,0.9581818,0.9981818,0.9946969,0.9619696,0.9990909,0.9716667,0.9437878
auto93.arff,0.92125,0.8402777,0.7858335,0.7998611,0.7661112,0.8016666,0.8897222,0.8494444,0.6354166,0.9177777,0.7691667,0.7691666
autoHorse.arff,0.9850693,0.9477475,0.8989315,0.9141025,0.9476852,0.9494657,0.9894675,0.9525729,0.9163952,0.9962963,0.9593483,0.9461538
autoMpg.arff,0.9616932,0.968627,0.8964912,0.9190017,0.8937184,0.965039,0.9723195,0.969003,0.9284738,0.9747286,0.8941793,0.8771304
autoPrice.arff,1,0.9946969,0.9456061,0.9469697,0.9431213,0.9562575,0.9981818,0.9965151,0.9619696,0.9981818,0.9516667,0.9433333
autos.arff,0.8335949,0.7693485,0.8625458,0.9180074,0.8055207,0.8381934,0.9054814,0.7964677,0.887814,0.9735871,0.8375457,0.8113553
backache.arff,0.6833682,0.5,0.6035417,0.542257,0.5320833,0.5480209,0.6370833,0.699375,0.5588889,0.7035417,0.57875,0.5825
badges2.arff,1,1,1,1,1,0.997619,1,1,1,1,1,1
balance-scale.arff,0.9713464,0.9941552,0.9808047,0.8263222,0.8734332,0.9820208,0.9813948,0.9941552,0.8985078,0.9757842,0.9496125,0.9039828
balloon.arff,0.9723264,0.9552082,0.9875381,0.9886493,0.9804631,0.9749446,0.9749321,0.888077,0.9890427,0.999531,0.8784228,0.8054255
bank32nh.arff,0.8386804,0.804421,0.5452227,0.6899645,0.7520005,0.8901661,0.8851701,0.8640207,0.8255334,0.8798825,0.7659711,0.7568876
bank8FM.arff,0.962271,0.976544,0.7290223,0.9420515,0.9402532,0.9892162,0.9885122,0.9740329,0.9681603,0.9883194,0.9389851,0.9367421
baskball.arff,0.793,0.739,0.61,0.657,0.7225,0.802,0.713,0.738,0.6655,0.7655,0.7125,0.7125
biomed.arff,0.9375392,0.9514325,0.8581043,0.8914738,0.8345665,0.9309655,0.9312795,0.9513736,0.8865778,0.9500687,0.8301509,0.852129
bodyfat.arff,0.9961538,0.9193785,0.8621794,0.9961538,0.9961538,0.9892505,0.995069,0.9073965,0.9961538,0.9983974,0.9528846,0.9413461
bolts.arff,0.9875,0.95,0.7666666,0.8916666,0.925,0.925,0.9,0.9166667,0.875,1,0.8666666,0.7916666
boston.arff,0.9183369,0.8511259,0.8092447,0.8779351,0.8758345,0.9297548,0.927654,0.8683505,0.8746045,0.9507342,0.8641255,0.8530542
boston_corrected.arff,0.9216086,0.8180758,0.8046635,0.8346452,0.8674263,0.8947543,0.9359968,0.9124187,0.8875657,0.9367064,0.8647344,0.8661488
breast-cancer.arff,0.7157541,0.6443155,0.63123,0.6280556,0.6088889,0.66625,0.7061955,0.7154267,0.6282737,0.6545338,0.5982738,0.5952183
breastTumor.arff,0.9890323,0.9879237,0.9743489,0.9484682,0.9691271,0.9929952,0.9926451,0.9879116,0.9586395,0.9913435,0.9652138,0.968384
breast-w.arff,0.6378983,0.6448531,0.4594516,0.5590074,0.578799,0.6418506,0.6497089,0.6745406,0.5993718,0.5171262,0.5968137,0.6351103
bridges.arff,0.908631,0.9284524,0.7786905,0.7442262,0.8586906,0.8839286,0.9265475,0.9351191,0.5,0.8389285,0.8072618,0.7822618
cal_housing.arff,0.880069,0.8152563,0.8171711,0.9086539,0.8702031,0.9181304,0.9173027,0.8388281,0.9227288,0.9603076,0.8350629,0.8281855
car.arff,0.8966941,0.9898118,0.9997763,0.9819023,0.963743,0.9913042,0.987088,0.9898118,0.985853,0.9983209,0.9474573,0.9404106
cars.arff,0.9437896,0.5856686,0.8655191,0.8757167,0.907411,0.7263871,0.8644975,0.896104,0.7738173,0.9749668,0.8881955,0.8876058
chatfield_4.arff,0.9462566,0.9390475,0.8160317,0.9145501,0.8734391,0.9683862,0.9633068,0.9390474,0.8783331,0.9566138,0.8821427,0.8479365
cholesterol.arff,0.5701377,0.5768908,0.5067852,0.5480689,0.5088316,0.6081124,0.6294249,0.5886736,0.4882343,0.5630859,0.5592518,0.5648957
chscase_adopt.arff,0.7666667,0.75,0.7166666,0.6749999,0.7666666,0.8,0.8666667,0.75,0.5,0.8166667,0.5333333,0.5083333
chscase_census2.arff,0.4918593,0.5067318,0.5425439,0.4823599,0.5252425,0.5045827,0.5513703,0.4845351,0.5023643,0.5355605,0.4797055,0.468302
chscase_census3.arff,0.4555426,0.4788384,0.4968796,0.5,0.4687012,0.4970237,0.5305534,0.476701,0.5165153,0.4362507,0.4860087,0.506911
chscase_census5.arff,0.5186417,0.4677945,0.5243045,0.5,0.5016613,0.4570615,0.4385376,0.4597902,0.5149004,0.4910943,0.4900061,0.4808521
chscase_census6.arff,0.4476919,0.4740079,0.5000345,0.5,0.4794623,0.4539376,0.4419317,0.4600577,0.5088066,0.4630116,0.4979167,0.5
chscase_funds.arff,0.6600771,0.6658641,0.5866666,0.6552469,0.6604168,0.6941665,0.6648765,0.6669753,0.5,0.6497144,0.6375001,0.645
chscase_geyser1.arff,0.9274724,0.7554487,0.7996833,0.8565781,0.8651251,0.924504,0.9301664,0.9201389,0.8582875,0.8696772,0.8853632,0.8686965
chscase_health.arff,0.6333334,0.7666666,0.6583333,0.6333333,0.475,0.8,0.7833331,0.7666666,0.5,0.7249999,0.6749999,0.6583333
chscase_vine1.arff,0.9083333,0.7944446,0.7749999,0.775,0.8249999,0.8611111,0.8833334,0.7944446,0.75,0.8999999,0.7916665,0.8416665
chscase_vine2.arff,0.8260916,0.7990629,0.9002802,0.9091971,0.8566743,0.5030071,0.5019992,0.7996284,0.9068468,0.9452308,0.5,0.5208791
chscase_whale.arff,1,0.9867423,0.9867423,1,0.9954545,1,1,0.9901515,0.9867423,1,1,0.9867423
cleveland.arff,0.8976447,0.9008101,0.7537997,0.7724911,0.7772806,0.8963053,0.8856314,0.9038744,0.8074508,0.9008665,0.819251,0.8234141
cmc.arff,0.7301953,0.6913458,0.5991527,0.7004593,0.712642,0.7058407,0.6916115,0.6969241,0.7193096,0.7290846,0.6458115,0.6373181
colic.arff,0.8695492,0.8322942,0.7965033,0.8492942,0.8133253,0.8400762,0.8702918,0.8498647,0.8608327,0.9123546,0.7813894,0.8105102
colleges_aaup.arff,0.9982662,0.9872587,0.8759437,0.9868077,0.9738291,0.9700937,0.9586159,0.9899086,0.5,0.9987623,0.9622533,0.9508246
colleges_usnews.arff,0.789473,0.7779364,0.6052793,0.7091521,0.6995072,0.679217,0.798959,0.8048234,0.5007831,0.8105882,0.7172832,0.7286915
collins.arff,1,1,1,0.9925595,1,1,1,0.9806547,0.5,1,1,1
cpu.arff,0.99875,0.9904167,0.9109445,0.9652083,0.9477084,0.9715556,0.9988889,0.9918056,0.9097917,0.9976389,0.9720833,0.91375
cpu_act.arff,0.9387504,0.8626148,0.8906711,0.9157661,0.9113877,0.9799116,0.9686943,0.9565752,0.9523942,0.9821922,0.9129342,0.8990172
cpu_small.arff,0.9328224,0.8465472,0.8756024,0.9131025,0.8931626,0.9678857,0.9608239,0.9491357,0.9394059,0.9765053,0.8848115,0.8766515
credit-a.arff,0.9319922,0.8620073,0.8082557,0.893571,0.8612671,0.9051674,0.9081691,0.8959178,0.8759437,0.92156,0.8591661,0.8565345
credit-g.arff,0.7247381,0.7859999,0.66,0.6464285,0.6178571,0.7864047,0.762381,0.7877143,0.7172381,0.7852619,0.6907143,0.6707142
cylinder-bands.arff,0.8000939,0.5376047,0.7219769,0.5,0.655875,0.8539612,0.6928644,0.8138937,0.5588194,0.8935046,0.8096503,0.803179
datatrieve.arff,0.7219698,0.5,0.5583332,0.475,0.5458333,0.8204546,0.825,0.7727272,0.4833333,0.6662879,0.5,0.5
delta_ailerons.arff,0.9637451,0.9400539,0.913614,0.9499805,0.9484601,0.9719138,0.9700495,0.9656838,0.9614692,0.9795022,0.9377988,0.9389888
delta_elevators.arff,0.934898,0.9068116,0.82836,0.904599,0.8955122,0.9425255,0.9422746,0.934749,0.925347,0.9412717,0.8801121,0.8805617
diabetes.arff,0.804671,0.8170598,0.6614586,0.7491454,0.7023673,0.8344958,0.8315299,0.8206495,0.7547821,0.820577,0.7290541,0.718943
diabetes_numeric.arff,0.6875,0.7083334,0.4833332,0.5208333,0.6333333,0.6499999,0.7750001,0.7083334,0.5833333,0.6333334,0.5416666,0.5166666
diggle_table_a1.arff,0.7250001,0.7666668,0.6833333,0.5375,0.4583335,0.75,0.7416667,0.7666668,0.5458334,0.7375,0.6583333,0.7083333
diggle_table_a2.arff,1,0.9657073,0.9845098,0.9966667,0.9966667,0.9941316,0.9991667,0.9661239,0.9970588,1,0.9758946,0.9141947
disclosure_x_bias.arff,0.5076472,0.541262,0.5000151,0.4910846,0.5270104,0.5762299,0.5870529,0.5696693,0.5101117,0.5102056,0.5704676,0.5510559
disclosure_x_noise.arff,0.5281684,0.5423633,0.5075422,0.5015598,0.517788,0.5556477,0.5483678,0.5486401,0.4862846,0.4882235,0.5523564,0.5566763
disclosure_x_tampered.arff,0.5279519,0.5161496,0.5062917,0.4939394,0.5410985,0.5521332,0.5349097,0.5476179,0.4914748,0.4871457,0.5519608,0.5485684
disclosure_z.arff,0.5011357,0.5730187,0.5356854,0.5,0.5443307,0.5764394,0.5828425,0.576879,0.5405859,0.5213006,0.5632189,0.5468312
echoMonths.arff,0.7773811,0.8166667,0.682143,0.8071428,0.8023809,0.7880953,0.7952382,0.8166666,0.8142857,0.8309523,0.7952381,0.7952381
ecoli.arff,0.9874812,0.9802004,0.9427944,0.9626505,0.9581172,0.987995,0.9865538,0.9872619,0.9471805,0.9872682,0.9637594,0.9621993
electricity.arff,0.8283764,0.8315237,0.7903917,0.9285745,0.8701809,0.8273975,0.8161545,0.7898398,0.9307143,0.9776884,0.740639,0.7349431
elevators.arff,0.8224055,0.8006375,0.742625,0.8238619,0.7868397,0.9432004,0.940544,0.7992241,0.8469771,0.9169364,0.8500175,0.8202018
elusage.arff,0.9555555,0.9555555,0.9138888,0.9083333,0.9333332,0.9388888,0.9388888,0.9555555,0.9055555,0.9527777,0.8666666,0.8916666
fl2000.arff,0.81875,0.7416667,0.7566667,0.7270833,0.7291667,0.8374999,0.875,0.7125001,0.7791666,0.875,0.6791667,0.6166667
flags.arff,0.7485806,0.7536632,0.6766942,0.6590203,0.6675825,0.7690019,0.8118132,0.7953299,0.5,0.796154,0.7217033,0.7130954
fri_c0_100_10.arff,0.83825,0.9463333,0.7108333,0.6963333,0.8505833,0.9228334,0.8979999,0.9503333,0.8404167,0.9263332,0.8041668,0.8125001
fri_c0_100_25.arff,0.82,0.82,0.61,0.686,0.686,0.81,0.824,0.82,0.688,0.842,0.69,0.76
fri_c0_100_5.arff,0.9000833,0.9471666,0.8575001,0.7885,0.7381667,0.8904999,0.9021667,0.9513333,0.671,0.90025,0.8275,0.8358334
fri_c0_100_50.arff,0.7918333,0.8078333,0.655,0.6344167,0.6205,0.6308333,0.7676667,0.8158333,0.61825,0.79775,0.6708333,0.6725
fri_c0_1000_10.arff,0.9014633,0.9395576,0.7353845,0.833161,0.8371637,0.913008,0.9094865,0.9394977,0.8828579,0.9511021,0.8346607,0.8418232
fri_c0_1000_25.arff,0.9162296,0.9331924,0.6559324,0.7923547,0.85536,0.8993081,0.8939675,0.9341524,0.8672444,0.9385931,0.8228599,0.8178992
fri_c0_1000_5.arff,0.9092463,0.9505521,0.8519824,0.8592413,0.8639846,0.9200286,0.9190284,0.9505122,0.8789868,0.9606557,0.8480192,0.8510396
fri_c0_1000_50.arff,0.8959583,0.9091637,0.6369549,0.7840335,0.834994,0.8925172,0.8854141,0.9190077,0.8677469,0.9291917,0.8304122,0.8211885
fri_c0_250_10.arff,0.8971154,0.9051283,0.7150641,0.823718,0.825,0.8903845,0.8576923,0.9185898,0.8298077,0.9339743,0.7801281,0.7926281
fri_c0_250_25.arff,0.8759616,0.8080128,0.6282051,0.7689102,0.7551282,0.8788461,0.8608975,0.9102563,0.7974358,0.9262821,0.7923076,0.8044872
fri_c0_250_5.arff,0.873718,0.8826924,0.8044873,0.8448717,0.8086538,0.8807692,0.8826924,0.925,0.8169871,0.9240383,0.8121795,0.7967949
fri_c0_250_50.arff,0.8630452,0.8565934,0.5652098,0.7780719,0.7396395,0.8642359,0.8501665,0.8565934,0.7675074,0.8408257,0.7789168,0.7513071
fri_c0_500_10.arff,0.9059521,0.9253295,0.7572499,0.793871,0.8375309,0.9134723,0.9065847,0.929176,0.8509184,0.9391135,0.8229425,0.820859
fri_c0_500_25.arff,0.9136264,0.9012054,0.6136666,0.763843,0.8108989,0.8784808,0.8859218,0.9157896,0.8017125,0.9302756,0.7765577,0.7791153
fri_c0_500_5.arff,0.908396,0.9286341,0.8059038,0.8385506,0.8294251,0.9089482,0.9038292,0.9286341,0.8429451,0.9462342,0.8239808,0.8279808
fri_c0_500_50.arff,0.9281777,0.9031778,0.6063334,0.7745031,0.7941229,0.895901,0.8584166,0.9056572,0.8399461,0.9192755,0.8142115,0.806141
fri_c1_100_10.arff,0.7414167,0.7088333,0.6125001,0.748,0.7185,0.694,0.6973333,0.7088333,0.7436667,0.875,0.6200001,0.6483334
fri_c1_100_25.arff,0.7990834,0.7523333,0.6283333,0.78225,0.7595,0.7291666,0.721,0.7483333,0.7520833,0.8698333,0.6483334,0.6741667
fri_c1_100_5.arff,0.83475,0.816,0.7108334,0.7956666,0.7433333,0.6941667,0.702,0.812,0.7641667,0.9063333,0.6416667,0.6091667
fri_c1_100_50.arff,0.7546667,0.5083333,0.5441667,0.7022501,0.6496667,0.5454167,0.5996667,0.5213334,0.6835834,0.7580833,0.58,0.5883334
fri_c1_1000_10.arff,0.8928669,0.7528588,0.7036022,0.8873585,0.8836251,0.7471942,0.6866747,0.7522465,0.9024792,0.9740641,0.6720407,0.6745056
fri_c1_1000_25.arff,0.8881141,0.7090156,0.593665,0.8492004,0.868409,0.7117538,0.6630459,0.7102238,0.8817866,0.964021,0.6339789,0.6412319
fri_c1_1000_5.arff,0.8632003,0.7227053,0.8702254,0.8918111,0.9186405,0.7035977,0.7019099,0.7226253,0.9024596,0.9804774,0.6224272,0.6226556
fri_c1_1000_50.arff,0.8970583,0.7302001,0.5739468,0.855609,0.886952,0.7161445,0.6914778,0.7393963,0.8896151,0.9419449,0.6500505,0.6647613
fri_c1_250_10.arff,0.9025973,0.7428572,0.6951299,0.8551948,0.8272727,0.7435065,0.7246752,0.7428572,0.845779,0.957792,0.6857143,0.6967532
fri_c1_250_25.arff,0.8425931,0.6605714,0.5660605,0.8878051,0.8191472,0.6300173,0.6250043,0.6599221,0.8391471,0.9552769,0.5501947,0.5717315
fri_c1_250_5.arff,0.9406386,0.7604812,0.8434398,0.8533008,0.8719238,0.7431401,0.6873959,0.7611222,0.8707959,0.9778513,0.6739553,0.6861348
fri_c1_250_50.arff,0.9364801,0.7547204,0.586526,0.8711497,0.8435023,0.7003746,0.6593657,0.7547203,0.8662045,0.9270979,0.5986098,0.6198302
fri_c1_500_10.arff,0.9019166,0.7286242,0.697315,0.8773831,0.8814953,0.7281607,0.7078331,0.7331318,0.8908488,0.9690352,0.6604498,0.666777
fri_c1_500_25.arff,0.8971642,0.7405463,0.5896848,0.794607,0.8543942,0.7204596,0.7056554,0.7408676,0.855131,0.9493674,0.653066,0.6756418
fri_c1_500_5.arff,0.8869177,0.735772,0.82969,0.8769389,0.8694971,0.7284226,0.7006635,0.7348074,0.8757038,0.9558022,0.6888781,0.6962515
fri_c1_500_50.arff,0.8814326,0.6691642,0.559713,0.8072525,0.8534107,0.6648403,0.6623606,0.6694871,0.8705957,0.9036343,0.602781,0.6195335
fri_c2_100_10.arff,0.8295833,0.7853333,0.6241667,0.7445833,0.7314999,0.7765,0.8061667,0.7853333,0.7285834,0.8726666,0.7025,0.7083334
fri_c2_100_25.arff,0.8096665,0.8021666,0.5424999,0.7600832,0.8331667,0.6628334,0.7116666,0.8021666,0.8104167,0.9136667,0.7016666,0.7225
fri_c2_100_5.arff,0.8208333,0.7499999,0.7791666,0.7562499,0.74375,0.7083332,0.7375001,0.7499999,0.7229165,0.8979167,0.7583335,0.7500001
fri_c2_100_50.arff,0.88575,0.7803332,0.6158333,0.8090833,0.8305001,0.6080833,0.656,0.7844999,0.7966667,0.9480833,0.6291667,0.5983333
fri_c2_1000_10.arff,0.9135057,0.7437191,0.7434729,0.8995073,0.8930625,0.7848113,0.7295772,0.7401888,0.909339,0.975123,0.7332512,0.7537767
fri_c2_1000_25.arff,0.9158,0.7392662,0.617853,0.8417726,0.8901824,0.7574515,0.735245,0.7388796,0.9106389,0.9596627,0.6880445,0.7262386
fri_c2_1000_5.arff,0.9339382,0.7701919,0.8828474,0.9079983,0.9033649,0.7953222,0.7557542,0.7701916,0.9235601,0.9815593,0.7690991,0.7822906
fri_c2_1000_50.arff,0.9070842,0.7497171,0.5606379,0.8461502,0.8776334,0.7592624,0.7414613,0.7517303,0.8763183,0.9354705,0.6721074,0.6925043
fri_c2_250_10.arff,0.9438611,0.8331111,0.7763888,0.8665278,0.8741666,0.8240554,0.8187221,0.8331111,0.9090415,0.9585001,0.786597,0.8029166
fri_c2_250_25.arff,0.9024891,0.687013,0.5457585,0.7934566,0.7853356,0.7288796,0.6922411,0.7244006,0.7903597,0.9251539,0.6789336,0.6650809
fri_c2_250_5.arff,0.8987012,0.7493507,0.8142859,0.8665584,0.8347403,0.77013,0.7353896,0.7487013,0.8087663,0.9694804,0.7470779,0.7805195
fri_c2_250_50.arff,0.8416085,0.7188813,0.5333291,0.7831502,0.794722,0.7377372,0.6897021,0.7312605,0.8264527,0.90805,0.660194,0.6931026
fri_c2_500_10.arff,0.9310477,0.7476881,0.7068462,0.9327232,0.9039072,0.7546723,0.741746,0.7486733,0.9104149,0.9766796,0.7601582,0.7925715
fri_c2_500_25.arff,0.8917351,0.6635478,0.5776528,0.8178455,0.8282399,0.665893,0.6815228,0.6781607,0.8435015,0.9346407,0.5671095,0.5853226
fri_c2_500_5.arff,0.9086077,0.7452683,0.8757839,0.8877808,0.8784064,0.7708128,0.7290166,0.743788,0.896126,0.9689211,0.7084238,0.7344335
fri_c2_500_50.arff,0.9148257,0.7703079,0.5514286,0.853261,0.8621396,0.7598449,0.7692446,0.777303,0.8689975,0.9341325,0.663986,0.7176436
fri_c3_100_10.arff,0.6791667,0.4916667,0.5666667,0.8062499,0.7375001,0.6374999,0.6874997,0.6250001,0.7833333,0.8770833,0.5041668,0.5250001
fri_c3_100_25.arff,0.6434167,0.4469999,0.5691666,0.54175,0.6085,0.5483333,0.4661667,0.5204999,0.6248333,0.7501666,0.5608334,0.5966667
fri_c3_100_5.arff,0.8805,0.6658335,0.7916667,0.7653333,0.7355834,0.765,0.6945,0.6618335,0.671,0.9175,0.6483333,0.6708333
fri_c3_100_50.arff,0.8422618,0.525,0.5755952,0.6595239,0.7830358,0.5199405,0.4892857,0.5916666,0.6964286,0.7815476,0.494643,0.4392859
fri_c3_1000_10.arff,0.9143263,0.7036123,0.7215909,0.8827112,0.8822645,0.7209009,0.7211852,0.7099027,0.9037946,0.9711647,0.663961,0.6557629
fri_c3_1000_25.arff,0.9119924,0.7205044,0.5487535,0.882172,0.8853528,0.7258601,0.7134907,0.7236631,0.8989513,0.9656251,0.6493777,0.6586687
fri_c3_1000_5.arff,0.8890814,0.7183743,0.882923,0.8900814,0.8810761,0.7163946,0.6782995,0.7191972,0.8920314,0.973765,0.6438854,0.6363338
fri_c3_1000_50.arff,0.9019704,0.7186501,0.5839143,0.8362988,0.8804836,0.7287276,0.6824651,0.7169343,0.8963737,0.941594,0.650698,0.6663095
fri_c3_250_10.arff,0.9443847,0.6446595,0.642778,0.8661379,0.8716326,0.7034798,0.6430902,0.6707543,0.8459749,0.9699674,0.6338577,0.5953714
fri_c3_250_25.arff,0.915955,0.6834582,0.5917,0.7859517,0.8129288,0.686064,0.6727439,0.6828089,0.7744173,0.924463,0.6658423,0.6390442
fri_c3_250_5.arff,0.8802596,0.7264242,0.8374675,0.808632,0.8420824,0.7527446,0.6664936,0.7179827,0.8284676,0.9657877,0.652619,0.6631602
fri_c3_250_50.arff,0.9129697,0.5731603,0.4962556,0.8395541,0.8006709,0.611013,0.5862512,0.6277057,0.8289004,0.8944155,0.5779222,0.5640259
fri_c3_500_10.arff,0.8842259,0.660196,0.6667672,0.8454283,0.8613969,0.6981416,0.6696852,0.6730142,0.8383825,0.968194,0.6389957,0.6349502
fri_c3_500_25.arff,0.9013798,0.6767859,0.5849026,0.858685,0.8583605,0.6873376,0.6313312,0.681169,0.8409902,0.9469969,0.6357142,0.6095779
fri_c3_500_5.arff,0.8643279,0.666496,0.8622142,0.8594636,0.82754,0.7152778,0.6946381,0.6644935,0.8451606,0.9638703,0.66272,0.6377965
fri_c3_500_50.arff,0.8741753,0.6653324,0.5214844,0.8241435,0.8068976,0.6791667,0.6297656,0.6762109,0.8318956,0.9130831,0.6028325,0.6326241
fri_c4_100_10.arff,0.8449167,0.7166667,0.615,0.72325,0.747,0.7053334,0.6483333,0.7126667,0.7344166,0.9188333,0.6158333,0.5958333
fri_c4_100_100.arff,0.8324166,0.6745001,0.4966667,0.6725,0.7281666,0.4940833,0.606,0.6745001,0.8105833,0.7542501,0.5558333,0.5383333
fri_c4_100_25.arff,0.8019167,0.7718333,0.6233333,0.7439166,0.7305,0.68,0.6958333,0.7718333,0.7517501,0.9101666,0.6816667,0.6733334
fri_c4_100_50.arff,0.8698334,0.4571666,0.5574999,0.7249166,0.72475,0.3769168,0.4554999,0.4913333,0.7830834,0.7425,0.4666667,0.475
fri_c4_1000_10.arff,0.9043629,0.7050933,0.7271104,0.8565951,0.8634945,0.7156656,0.6804993,0.7062096,0.8813515,0.9652191,0.6442371,0.6345781
fri_c4_1000_100.arff,0.9268971,0.6955557,0.5261906,0.8544724,0.8760023,0.6920281,0.6520864,0.6859105,0.8994158,0.9120789,0.6256549,0.6318959
fri_c4_1000_25.arff,0.9044317,0.6742992,0.5799524,0.8674684,0.8732937,0.6795873,0.6652651,0.6775158,0.8897214,0.9526968,0.6287322,0.6273035
fri_c4_1000_50.arff,0.8680194,0.6985593,0.5375,0.8315546,0.8775568,0.7112825,0.6510755,0.7063312,0.8742289,0.9317776,0.6091719,0.6186689
fri_c4_250_10.arff,0.8637487,0.5774308,0.6872919,0.7809981,0.7806235,0.6728439,0.6478438,0.6907344,0.7925866,0.9273769,0.6436231,0.634911
fri_c4_250_100.arff,0.8902596,0.6402597,0.6009739,0.790909,0.7853896,0.6045455,0.6311689,0.6844156,0.7659093,0.8516235,0.6058441,0.552922
fri_c4_250_25.arff,0.8721945,0.6856477,0.6309233,0.8865924,0.822511,0.6662921,0.6287421,0.7197052,0.8182402,0.9211037,0.5980729,0.6021938
fri_c4_250_50.arff,0.8732517,0.5730437,0.5346194,0.7867217,0.7856478,0.6287629,0.5996088,0.6515402,0.7647311,0.8672661,0.5948219,0.5920038
fri_c4_500_10.arff,0.8920225,0.6784676,0.7653116,0.7954768,0.8584856,0.7107797,0.6918279,0.6802391,0.8530582,0.9597513,0.6646768,0.6538795
fri_c4_500_100.arff,0.9012288,0.6922638,0.5128152,0.8278521,0.8390076,0.6592534,0.6783736,0.6901516,0.8623414,0.8594855,0.596242,0.6186595
fri_c4_500_25.arff,0.91609,0.7106583,0.6200739,0.86115,0.8671136,0.7197753,0.6505272,0.7160322,0.886347,0.9526113,0.6437267,0.6263285
fri_c4_500_50.arff,0.8936545,0.6633889,0.5199577,0.8128968,0.8315384,0.6949825,0.66478,0.6649906,0.8606292,0.9149093,0.622329,0.6342733
fried.arff,0.9185733,0.9482455,0.8246139,0.9109849,0.9234543,0.9159891,0.911726,0.9453622,0.9453298,0.9807494,0.8340704,0.8388001
fruitfly.arff,0.4479018,0.5,0.4958928,0.52125,0.5082143,0.5787499,0.5377679,0.4019643,0.5114285,0.5291072,0.49375,0.5
gina_agnostic.arff,0.8789031,0.8205947,0.8246928,0.8613575,0.9108236,0.8033539,0.8889714,0.8246932,0.9052537,0.980958,0.803397,0.8372851
gina_prior.arff,0.875223,0.8425239,0.9625666,0.8707924,0.9104578,0.8847164,0.890399,0.832891,0.9042817,0.9856071,0.8455189,0.8611951
glass.arff,0.8072018,0.5,0.76614,0.737863,0.7299402,0.7091542,0.6165523,0.7202512,0.6721889,0.8943387,0.5017857,0.5026786
haberman.arff,0.6787715,0.6133153,0.5766896,0.5679801,0.6295317,0.6697794,0.6400337,0.6734191,0.5584678,0.6515836,0.5169961,0.5078804
hayes-roth.arff,0.8430556,0.7198611,0.8638195,0.7809027,0.7964583,0.7840278,0.8031944,0.7973611,0.7613194,0.8925,0.7658333,0.6398611
heart-c.arff,0.8895361,0.9059409,0.7596739,0.7752484,0.7821066,0.9086074,0.906861,0.9044906,0.8254727,0.9035651,0.8343163,0.8325063
heart-statlog.arff,0.886389,0.906111,0.75,0.7494445,0.7950001,0.9111111,0.8855556,0.9005557,0.7955556,0.9000001,0.8266668,0.8366668
hepatitis.arff,0.8777512,0.7980769,0.663782,0.6965544,0.6553685,0.8092414,0.7790065,0.859188,0.5458333,0.8774038,0.7432694,0.7512822
hip.arff,0.8555556,0.8222223,0.5416667,0.6583333,0.6166666,0.8666667,0.9111112,0.8333334,0.55,0.8666667,0.8416666,0.8
house_16H.arff,0.8937907,0.8268753,0.779805,0.8541541,0.8379342,0.8863311,0.8893774,0.8455615,0.9041453,0.9516247,0.7734401,0.7603236
house_8L.arff,0.915095,0.8514488,0.7716583,0.8983813,0.8431532,0.8867198,0.8880275,0.8676821,0.912346,0.9463128,0.7799774,0.7608159
houses.arff,0.9963474,0.9929833,0.9694227,0.9919893,0.9857409,0.9949164,0.9926138,0.991994,0.9958059,0.9989935,0.961532,0.9606006
housing.arff,0.9186544,0.8469021,0.8315066,0.8656808,0.8820466,0.9353887,0.9291678,0.8671401,0.879486,0.9468388,0.8556689,0.8524014
humandevel.arff,0.9464286,0.9547618,0.8928571,0.8928572,0.8928572,0.9547618,0.9547618,0.9547618,0.5,0.9535713,0.875,0.875
hungarian.arff,0.8915392,0.8991069,0.74874,0.7658213,0.7690244,0.9097076,0.8997555,0.8990377,0.8294472,0.8838545,0.8057576,0.7966266
hutsof99_child_witness.arff,0.7166667,0.8,0.6916666,0.7208333,0.725,0.8916667,0.8,0.8,0.5416666,0.7791667,0.7166666,0.6999999
hutsof99_logis.arff,0.7749999,0.8416666,0.6708333,0.6375,0.7291666,0.7666666,0.7499999,0.8416666,0.65,0.75,0.6458332,0.6999999
hypothyroid.arff,0.9941382,0.9886055,0.6761353,0.9892537,0.9863462,0.9730831,0.9230461,0.9193266,0.9893132,0.9990407,0.6793391,0.5750864
ionosphere.arff,0.9526274,0.9374099,0.8231581,0.8821704,0.8975143,0.8710955,0.8368172,0.9370323,0.8977727,0.9797998,0.8438915,0.8541604
iris.arff,1,1,1,0.99,0.99,1,1,1,1,1,1,1
irish.arff,1,1,1,1,1,1,1,1,1,1,0.574,1
jEdit_4.0_4.2.arff,0.7968407,0.7277865,0.6881083,0.7132849,0.762971,0.8089482,0.7882261,0.7283164,0.8050822,0.8210557,0.7153847,0.6722527
jEdit_4.2_4.3.arff,0.5826413,0.6391352,0.6639899,0.6009447,0.7032342,0.6740177,0.6714942,0.6631549,0.6928306,0.7481504,0.6269905,0.6335328
jm1.arff,0.7104264,0.5412486,0.6382877,0.6523827,0.557173,0.7137139,0.7022518,0.6903916,0.7099178,0.7544196,0.5039932,0.5019026
kc1.arff,0.7827487,0.5,0.7351205,0.6788669,0.5812935,0.7979179,0.7965776,0.7921514,0.7514002,0.8253968,0.5391182,0.5165061
kc1-binary.arff,0.7482638,0.8077546,0.7092593,0.7386575,0.6981483,0.7236111,0.8027778,0.8006946,0.7447917,0.8155093,0.7798611,0.7965277
kc1-top5.arff,0.6478022,0.4,0.5604395,0.5736264,0.489011,0.5928572,0.7412088,0.7170328,0.4107143,0.7450548,0.5423076,0.4461538
kc3.arff,0.7801262,0.5,0.7363356,0.515164,0.5847837,0.7846603,0.7690737,0.8207927,0.5429268,0.8511688,0.5314286,0.510119
kdd_el_nino-small.arff,0.9428836,0.9447366,0.851823,0.9598598,0.939866,0.9819283,0.9789972,0.9800286,0.9759203,0.9928071,0.9481165,0.915623
kdd_internet_usage.arff,0.9354545,0.9163123,0.821995,0.929781,0.8557831,0.9297069,0.8839343,0.9204861,0.9211277,0.9388311,0.8445914,0.8610497
kdd_ipums_la_97-small.arff,0.9895453,0.7712981,0.9340805,0.9698314,0.9698314,0.9839361,0.7911692,0.9494391,0.9711583,0.9798926,0.9675424,0.9802132
kdd_ipums_la_98-small.arff,1,1,0.911712,0.9941735,0.986105,0.9813258,1,0.3966274,0.9905866,0.9974614,0.9861146,0.9955186
kdd_synthetic_control.arff,1,1,1,0.9835,0.983,1,1,1,0.5,1,1,1
kidney.arff,0.8510417,0.775,0.7125,0.7916667,0.6166666,0.7645833,0.6687499,0.7833333,0.6770833,0.8791667,0.7375,0.5333333
kin8nm.arff,0.799049,0.7956665,0.810803,0.8174077,0.8147483,0.8143219,0.8082858,0.819402,0.8382819,0.934647,0.7309677,0.7351935
kr-vs-kp.arff,0.9549688,0.9835166,0.9894608,0.9987706,0.9954084,0.995843,0.9868126,0.952024,0.9979625,0.9991368,0.9700972,0.95417
labor.arff,0.9125,0.8791667,0.825,0.7333333,0.675,0.975,0.925,0.9875,0.70625,0.9583333,0.9,0.875
letter.arff,0.9559368,0.9304391,0.9903124,0.9786164,0.9582639,0.966118,0.9276408,0.9430128,0.9879316,0.9998803,0.7405056,0.6542545
leukemia.arff,0.9833334,0.9833333,0.8299999,0.8558333,0.8283333,0.98,0.86,0.9733333,0.86,0.9916667,0.91,0.9833333
lowbwt.arff,0.8498148,0.8706172,0.7532716,0.8266667,0.8322221,0.8518518,0.8722221,0.8661727,0.8322838,0.8777777,0.8038888,0.8138888
lung-cancer.arff,0.675,0.65,0.4,0.6833333,0.6583333,0.675,0.55,0.75,0.6833333,0.6666667,0.45,0.5
lupus.arff,0.7730556,0.7911111,0.6725001,0.7158333,0.6725001,0.8517856,0.8522222,0.8044444,0.7425,0.7377777,0.73,0.74
lymph.arff,0.9093254,0.8943452,0.8354002,0.8483962,0.8208332,0.9583333,0.9098215,0.9069114,0.8019842,0.9416336,0.8280753,0.8741071
lymphoma_2classes.arff,0.9333333,0.9458333,0.7333332,0.8083334,0.6833333,0.9688056,0.975,0.9458333,0.7666666,0.975,0.825,0.9666667
machine_cpu.arff,0.9793056,0.9653334,0.9198889,0.91125,0.872986,0.9183741,0.9776945,0.9676945,0.9123471,0.9781945,0.9135417,0.8633334
MagicTelescope.arff,0.9999253,0.9998427,0.9810145,0.9999594,0.9999253,0.9999997,0.9999986,0.985029,0.9999253,1,0.9956501,0.9913435
mammography.arff,0.9204147,0.8544377,0.7494915,0.8435821,0.7808015,0.9183741,0.9197076,0.9186955,0.8619318,0.9416642,0.6510533,0.5614471
mbagrade.arff,0.6722223,0.7444445,0.6333331,0.5694445,0.6000001,0.7458334,0.7458334,0.7611112,0.5381944,0.6694445,0.5916668,0.6333335
mc1.arff,0.9315956,0.8219078,0.9435449,0.7891226,0.6681659,0.8960464,0.9003886,0.9106358,0.7817024,0.9385507,0.5,0.5
mc2.arff,0.6148483,0.7133334,0.5972727,0.6254544,0.5689393,0.7183333,0.6774242,0.7113637,0.5793181,0.6956817,0.6204543,0.580606
meta.arff,0.8389228,0.5,0.7884308,0.5,0.6153988,0.845709,0.8810991,0.7975,0.5328014,0.9197251,0.7100976,0.6461392
mfeat-factors.arff,0.9973332,0.973014,0.9905693,0.9690554,0.9640972,0.9965,0.9999444,0.972764,0.9707222,0.9994722,0.9925,0.9925
mfeat-karhunen.arff,0.9786945,0.98475,0.9878194,0.9187638,0.9320416,0.9907499,0.9978889,0.9847778,0.9356389,0.9975972,0.9749998,0.9763888
mfeat-morphological.arff,0.9990139,0.9932223,0.9928333,0.9932223,0.9894444,0.9998888,0.9998611,0.9864167,0.9852084,0.9971666,0.9925,0.9925
mfeat-pixel.arff,0.9935971,0.98275,0.9874722,0.9763889,0.9630555,0.8513611,0.6204584,0.98275,0.986389,0.9975277,0.9761111,0.9763889
mfeat-zernike.arff,0.9918056,0.9846668,0.9862082,0.9476529,0.9364723,0.9941805,0.9966943,0.984639,0.9575695,0.9953472,0.9838888,0.9813888
molecular-biology_promoters.arff,0.6916668,0.5041667,0.5714286,0.3803571,0.503869,0.5970238,0.6565477,0.6791668,0.5,0.6684523,0.5696429,0.5625
monks-problems-1.arff,0.3735488,0.5,0.077381,0.4485595,0.4639208,0.3741168,0.4615804,0.3760778,0.4816731,0.0774087,0.4339377,0.4431286
monks-problems-2.arff,0.4134748,0.4599999,0.5595699,0.6495574,0.5370088,0.4081972,0.5093154,0.4170733,0.5161972,0.5104516,0.4810753,0.4743011
monks-problems-3.arff,0.3949428,0.4671415,0.1020834,0.4099797,0.4162155,0.3976616,0.4301612,0.388974,0.4756378,0.0983655,0.4007938,0.4631613
mozilla4.arff,0.9401222,0.9324034,0.8777353,0.9536611,0.9152674,0.886951,0.9189408,0.8297639,0.9584286,0.9835057,0.8377232,0.83788
mu284.arff,0.9964286,0.9635714,0.9576192,0.9964286,0.9964286,1,1,0.9560204,0.9964286,1,0.9752382,0.9788096
mushroom.arff,0.995492,0.9976679,1,1,1,1,0.9911031,0.9980964,0.9999991,1,1,1
musk.arff,0.9999104,1,0.9967848,0.9995098,0.9995098,1,0.5520632,0.9441353,0.9995098,1,1,1
newton_hema.arff,0.7653062,0.82449,0.6877551,0.8387755,0.6540817,0.8469387,0.8469388,0.82449,0.8091836,0.8367347,0.7642857,0.7428571
no2.arff,0.6202615,0.5812279,0.5690641,0.5970636,0.6359385,0.6084374,0.5913182,0.5802677,0.6061753,0.7098867,0.5687372,0.5743462
nursery.arff,1,1,1,1,1,1,1,1,1,1,1,1
oil_spill.arff,0.845053,0.5,0.7088389,0.5525546,0.7088389,0.8544787,0.8427154,0.8063702,0.7795411,0.9505025,0.6910798,0.6088826
optdigits.arff,0.9746598,0.8764316,0.9903997,0.9434487,0.9520317,0.9974568,0.9927555,0.9764375,0.9572866,0.9988945,0.9661644,0.960396
OVA_Breast.arff,0.9598405,0.9554579,0.9023915,0.8920852,0.9341139,0.9497207,0.713497,0.9568773,0.9364556,0.976503,0.9477625,0.9468592
OVA_Endometrium.arff,0.9514973,0.5,0.7299177,0.6994554,0.6605546,0.8294609,0.7421524,0.8548133,0.6581421,0.9475442,0.7073678,0.6825402
OVA_Ovary.arff,0.9340193,0.6035034,0.6867742,0.7931732,0.8377726,0.8286816,0.6544569,0.8402083,0.865883,0.9489727,0.7802189,0.7987311
OVA_Uterus.arff,0.9040778,0.5,0.7475253,0.6748552,0.7549043,0.8361675,0.7422061,0.8525215,0.7855047,0.9399473,0.7765407,0.7755135
page-blocks.arff,0.9551899,0.7332345,0.8801582,0.9568186,0.9233798,0.9413122,0.8798674,0.9302682,0.9680742,0.9907508,0.7950131,0.7077856
pasture.arff,0.9666667,0.9,0.7666667,0.8666666,0.7833333,0.875,0.9333334,0.9,0.6916666,0.9666667,0.8416667,0.8166667
pbc.arff,0.7769133,0.7721712,0.6033181,0.7097954,0.6545069,0.7935418,0.7655605,0.771256,0.665853,0.7653954,0.7177917,0.6976545
pbcseq.arff,0.7533598,0.5579101,0.7151536,0.7156589,0.7278449,0.661156,0.6416255,0.7559705,0.5559016,0.7474189,0.6704818,0.6745739
pc1.arff,0.8068433,0.5,0.7416168,0.637758,0.587456,0.8124428,0.7252521,0.7120908,0.7677326,0.8661929,0.5115338,0.4995192
pc1_req.arff,0.6365152,0.5140909,0.6466885,0.5936256,0.529827,0.6418721,0.652803,0.5967424,0.6161148,0.6409632,0.5553897,0.5045455
pc2.arff,0.8495818,0.4808016,0.8526655,0.4994604,0.5491916,0.7897826,0.8115949,0.8211128,0.5111511,0.8114087,0.5,0.5
pc3.arff,0.7886595,0.5,0.6430427,0.6060826,0.5361854,0.8230007,0.8011982,0.7683355,0.6944851,0.8418968,0.5,0.5
pc4.arff,0.9141813,0.5119485,0.715186,0.7843417,0.726367,0.9165059,0.8705933,0.8387816,0.8918645,0.9447214,0.6486086,0.5637613
pendigits.arff,0.9896324,0.9633601,0.99628,0.9702132,0.9826971,0.9992331,0.9990111,0.9888173,0.9815547,0.9997337,0.983099,0.9844768
pharynx.arff,0.8196599,0.8400184,0.6477392,0.7860118,0.7782737,0.8259501,0.8734833,0.8400184,0.5,0.8015109,0.7905221,0.8291665
plasma_retinol.arff,0.6185978,0.5228938,0.54287,0.5144207,0.5365875,0.5694718,0.5462118,0.5266935,0.5417332,0.5597969,0.5467852,0.5243381
pm10.arff,0.5784602,0.5303425,0.5676539,0.5576249,0.5280405,0.4798382,0.4822593,0.5227436,0.529013,0.6604403,0.5105833,0.4859872
pol.arff,0.9150703,0.9245364,0.9670599,0.9859018,0.9729513,0.9407944,0.9262829,0.8827353,0.9928585,0.9990898,0.8807822,0.8817941
pollen.arff,0.5057427,0.5055952,0.4887994,0.4992134,0.4892042,0.4878928,0.4891261,0.4882147,0.502325,0.4877151,0.4857595,0.4871708
pollution.arff,0.8333334,0.8555556,0.7125,0.7416667,0.7263888,0.736111,0.8527778,0.8666667,0.8,0.9111111,0.8208332,0.8041666
postoperative-patient-data.arff,0.3095238,0.5,0.3952381,0.4928571,0.5,0.3531747,0.3055554,0.4420635,0.4972222,0.4634923,0.4845238,0.4845238
primary-tumor.arff,0.8828215,0.8845898,0.8093986,0.7745001,0.7270961,0.8532125,0.8849625,0.8877148,0.7720952,0.8722234,0.7646088,0.754032
prnn_fglass.arff,0.7905564,0.5,0.7767857,0.7763491,0.736352,0.7168662,0.6164737,0.7033457,0.7112,0.8953838,0.4955358,0.5
prnn_synth.arff,0.9397436,0.9384616,0.8628204,0.8432691,0.8541666,0.9397436,0.9346154,0.9391025,0.8804487,0.9105771,0.8477564,0.8596153
profb.arff,0.6391195,0.5,0.4102658,0.5661946,0.4102658,0.7716315,0.7356631,0.6585375,0.5223167,0.5615657,0.6951944,0.6391074
puma32H.arff,0.6565301,0.8510044,0.5583824,0.8778907,0.8921872,0.6666082,0.6711577,0.6672579,0.9269853,0.9481354,0.636419,0.651156
puma8NH.arff,0.8285119,0.8602166,0.7369249,0.8731134,0.850273,0.8557711,0.8557882,0.8564747,0.8755709,0.9076329,0.8217785,0.8272753
pwLinear.arff,0.9202828,0.9378384,0.8689899,0.8780151,0.8642727,0.9367879,0.9398384,0.7871314,0.8717222,0.9548939,0.8651515,0.855606
pyrim.arff,0.9329167,0.8616665,0.8858332,0.8245834,0.8233333,0.94625,0.9504166,0.8783333,0.8562501,0.9541666,0.9149999,0.9216666
quake.arff,0.5082499,0.5078683,0.5123727,0.5,0.5233521,0.5277524,0.5364893,0.5183889,0.4999071,0.5211442,0.5,0.5
rabe_131.arff,0.9833333,1,0.8583333,0.975,0.975,0.975,1,1,0.975,1,0.9499999,0.9666666
rabe_148.arff,1,0.9777778,0.9583333,0.9583333,0.9458333,0.9888889,0.9888889,1,0.9333333,0.9888889,0.9375,0.9416667
rabe_166.arff,0.975,1,0.975,0.975,0.975,1,1,1,0.95,1,0.9333333,0.9333333
rabe_176.arff,0.5999999,0.6916666,0.5958333,0.6708335,0.6375001,0.6583334,0.7,0.6916666,0.6083334,0.5833334,0.6833333,0.6625001
rabe_265.arff,0.7777778,0.6833333,0.6999999,0.5749999,0.7333333,0.6944445,0.7666667,0.7111111,0.55,0.7722223,0.6749999,0.6916667
rabe_266.arff,0.9819444,0.9776984,0.960992,0.9206746,0.9472224,0.9804763,0.983254,0.9776984,0.909127,0.9944444,0.9411904,0.9495237
rabe_97.arff,0.9666667,0.95,0.925,0.9833333,0.9083333,1,0.9833333,0.95,0.7916666,1,0.8999999,0.8499999
rmftsa_ctoarrivals.arff,0.9173245,0.9891477,0.9420522,0.9449164,0.9243147,0.9947293,0.988018,0.9891477,0.9724849,0.9900401,0.9377105,0.93129
rmftsa_ladata.arff,0.9292362,0.8620364,0.8528934,0.8681292,0.8846068,0.9576728,0.9495772,0.9196807,0.9037229,0.9587671,0.8886134,0.8621896
rmftsa_sleepdata.arff,0.7670207,0.7662054,0.7676084,0.7861757,0.7419691,0.7794907,0.773889,0.7659907,0.7853621,0.7794544,0.6890211,0.6871547
scene.arff,0.87516,0.5,0.915657,0.9789053,0.8681893,0.9487653,0.9814592,0.8439374,0.9563697,0.9547697,0.9578782,0.9698729
schizo.arff,0.634918,0.5938257,0.6088847,0.8915765,0.8626243,0.619865,0.6504193,0.5920931,0.8401118,0.8719976,0.6184843,0.5886437
schlvote.arff,0.7166667,0.4833334,0.4833333,0.7,0.6833333,0.9,0.8,0.4333332,0.5583333,0.7333333,0.55,0.5
segment.arff,0.9988292,0.5,0.9946129,0.9849709,0.9846954,0.9999847,0.9990512,0.986838,0.9868457,0.9998622,0.9921716,0.9904039
sensory.arff,0.6474167,0.6482564,0.6429442,0.72769,0.6918448,0.6526818,0.6353593,0.6482564,0.7046955,0.7228646,0.6103962,0.6185291
servo.arff,0.9567309,0.9576924,0.9772435,0.953846,0.953846,0.9766025,0.9891025,0.9576924,0.9570512,0.9852564,0.9179486,0.9102563
shuttle-landing-control.arff,0.05,0.1,0,0.05,0.05,0.05,0.1,0.1,0.05,0.05,0.05,0.05
sick.arff,0.9791884,0.5340661,0.8087413,0.9494568,0.9519771,0.9422427,0.9434364,0.9252424,0.969867,0.9974323,0.7616444,0.5
sleep.arff,0.7041667,0.8097222,0.6958333,0.7541666,0.7138889,0.6736112,0.6833334,0.8097222,0.7555556,0.6541667,0.6791666,0.6375001
sleuth_case1102.arff,0.4,0.5,0.375,0.45,0.45,0.55,0.425,0.2,0.525,0.325,0.375,0.4
sleuth_case1201.arff,0.9416667,0.9833333,0.8833333,0.8833333,0.9,0.8666666,1,0.9833333,0.5,0.9666666,0.925,0.925
sleuth_case1202.arff,0.8504166,0.8813888,0.8108334,0.8745834,0.8725001,0.9130556,0.8858334,0.8855555,0.8691667,0.8566665,0.8158335,0.7950001
sleuth_case2002.arff,0.7381801,0.7132653,0.5636053,0.6738945,0.7145832,0.7242772,0.6862669,0.7096939,0.719175,0.6863095,0.6452381,0.6544642
sleuth_ex1221.arff,0.8916667,0.7083333,0.85,0.8416666,0.8833333,0.875,0.9416666,0.7083333,0.5,0.8833333,0.8916666,0.8916666
sleuth_ex1605.arff,0.8375,0.8055557,0.7624997,0.7388888,0.7347222,0.8972223,0.888889,0.7944446,0.8124999,0.8194446,0.8041665,0.7541665
sleuth_ex1714.arff,0.9333334,0.9333333,0.8166667,0.8916667,0.8666666,0.8333333,0.8916667,0.9333333,0.8249999,0.9416666,0.75,0.775
sleuth_ex2015.arff,0.6611112,0.788889,0.5666666,0.6333334,0.5666666,0.8000002,0.8222223,0.8000001,0.611111,0.677778,0.7166667,0.7833331
sleuth_ex2016.arff,0.7266667,0.7744445,0.7725,0.6072222,0.7725,0.8316667,0.83,0.79,0.6541666,0.8252778,0.7208333,0.7391667
socmob.arff,0.9609077,0.9201728,0.9325222,0.9043033,0.9188221,0.9878341,0.9423939,0.9767299,0.9283437,0.98587,0.8814957,0.8501197
solar-flare.arff,0.4345766,0.35,0.4543851,0.35,0.3483871,0.3599799,0.41875,0.6164315,0.35,0.5636089,0.3936492,0.35
sonar.arff,0.8610017,0.8099833,0.8638129,0.7358165,0.7761279,0.7612627,0.8189562,0.7999832,0.7705807,0.9512963,0.791212,0.758131
space_ga.arff,0.8169965,0.7544314,0.791337,0.8305364,0.819304,0.904343,0.9015708,0.8096541,0.8520699,0.9130011,0.824986,0.7922276
spambase.arff,0.958921,0.7951694,0.9079356,0.9368884,0.9374069,0.9714396,0.9613195,0.9365413,0.9611352,0.9875633,0.9144852,0.8915608
SPECT.arff,0.7558522,0.7558712,0.7067424,0.681269,0.6910605,0.7461364,0.7479545,0.7558712,0.7088826,0.7435228,0.6911742,0.695303
SPECTF.arff,0.874518,0.7489094,0.8146787,0.8768718,0.8146787,0.8899077,0.8617538,0.8714289,0.8294581,0.9723214,0.7406837,0.7687607
spectrometer.arff,0.987132,0.5,0.7664893,0.8579868,0.8186252,0.930715,0.7822341,0.9135948,0.5,0.9915456,0.8543086,0.8464362
splice.arff,0.9721916,0.9708333,0.8492001,0.9484831,0.9646484,0.975968,0.8608509,0.9753367,0.5071685,0.9938967,0.9386455,0.9358317
sponge.arff,0.5142857,0.35,0.3000001,0.4,0.2928571,0.5571429,0.5285714,0.4285714,0.3,0.5142858,0.4,0.4
squash-stored.arff,0.8583334,0.8499999,0.7999999,0.6833333,0.7833333,0.6777779,0.8555555,0.8666666,0.4833333,0.8833333,0.7166666,0.7083332
squash-unstored.arff,0.7666666,0.7777778,0.6749999,0.6722222,0.7416666,0.5777779,0.8444445,0.7777778,0.5944445,0.8611112,0.6416666,0.6583333
stock.arff,0.9728543,0.8328172,0.9631591,0.9705945,0.9678222,0.9314702,0.8693282,0.8329059,0.9754482,0.9960961,0.8572809,0.8400016
strikes.arff,0.9423598,0.683575,0.9664315,0.9969661,0.9922006,0.7162331,0.7438279,0.673257,0.9858921,0.9981351,0.6477318,0.6251008
sylva_agnostic.arff,0.9950243,0.9756957,0.906567,0.9601893,0.9762791,0.9971389,0.9971107,0.996771,0.9848067,0.9986262,0.9745564,0.9831827
sylva_prior.arff,0.9948615,0.9695699,0.9617196,0.9659891,0.9727594,0.9990361,0.9973533,0.9968315,0.9894644,0.9990083,0.9876287,0.9887155
tae.arff,0.5987037,0.6057778,0.7195186,0.6441296,0.6157963,0.6911481,0.6307407,0.6697778,0.5900556,0.8343333,0.5611111,0.5661111
tecator.arff,0.9733341,0.7384892,0.8932418,0.9288487,0.9038937,0.9788263,0.9836314,0.7377749,0.9046453,0.9682815,0.933931,0.9277772
thyroid_sick.arff,0.9791884,0.5340661,0.8087413,0.9494568,0.9519771,0.9422427,0.9434364,0.9252424,0.969867,0.9974323,0.7616444,0.5
tic-tac-toe.arff,0.7984176,0.7469239,0.9999511,0.8983768,0.9724313,0.996928,0.9822025,0.7469239,0.8807134,0.9971496,0.9758466,0.9758466
transplant.arff,1,0.9977778,0.9844444,0.9944444,0.99,1,1,0.9977778,0.9944444,1,1,0.96
triazines.arff,0.7365829,0.5944805,0.7200812,0.8225,0.7506494,0.7687338,0.7843181,0.7947566,0.7279221,0.8756168,0.7272564,0.7341556
tumors_C.arff,0.5861111,0.45,0.5458333,0.4833333,0.5333333,0.6805556,0.5118056,0.575,0.4875,0.5902778,0.6,0.6291667
vehicle.arff,0.9636461,0.8632509,0.9542056,0.9632924,0.9505464,0.9912695,0.989586,0.839731,0.9499819,0.9986222,0.8531695,0.9007447
vehicle_sensIT.arff,0.8824698,0.8399069,0.7386986,0.8163394,0.7386986,0.9145299,0.9125133,0.8561786,0.8969567,0.9193115,0.9283164,0.85189
veteran.arff,0.7195834,0.6477777,0.6183333,0.6506944,0.6368055,0.7219444,0.6961111,0.7230556,0.6431945,0.7322222,0.6344443,0.6080556
vineyard.arff,0.8638889,0.8611112,0.7333332,0.7999999,0.8249999,0.8500001,0.8277778,0.8777779,0.7833333,0.8777777,0.8416665,0.8416665
vinnie.arff,0.9080437,0.8826562,0.8980675,0.8467543,0.8467543,0.9313417,0.9335622,0.934114,0.8726816,0.9077724,0.8416227,0.8281577
visualizing_environmental.arff,0.7783333,0.7194445,0.59,0.7333334,0.6966667,0.7677779,0.77,0.7227778,0.7466668,0.7147222,0.7316667,0.7166667
visualizing_ethanol.arff,0.535625,0.535,0.44,0.485,0.455625,0.555,0.56625,0.53625,0.48125,0.54875,0.5125,0.5225
visualizing_galaxy.arff,0.9879117,0.9930625,0.9382352,0.9631747,0.9458639,0.9965749,0.995803,0.9938251,0.9492802,0.9864006,0.96317,0.923011
visualizing_hamster.arff,0.7322916,0.4875,0.5875001,0.5416667,0.6364583,0.6208334,0.5666666,0.5041666,0.6427083,0.7635416,0.5166667,0.5
visualizing_livestock.arff,0.8668182,0.8966667,0.8630303,0.8057575,0.831818,0.8165151,0.8460606,0.8966667,0.5524242,0.7524243,0.8372725,0.7934846
visualizing_slope.arff,0.95,0.9333333,0.8833333,0.8749999,0.8166666,1,0.9833333,0.9333333,0.8999999,1,0.9583333,0.8083333
vote.arff,0.9906946,0.96524,0.9652694,0.9796364,0.9587172,0.9833772,0.9886774,0.9705873,0.970186,0.9904234,0.9669567,0.9604957
water-treatment.arff,0.9980555,0.8481946,0.5334722,0.9930556,0.98125,0.5775884,0.4347063,0.7291983,0.5,0.6244318,0.514255,0.5245328
waveform-5000.arff,0.9068288,0.8956534,0.7799943,0.7956009,0.8316528,0.9285092,0.9229297,0.9388884,0.8936831,0.9586005,0.8426188,0.853592
webdata_wXa.arff,0.8610562,0.6023499,0.7563866,0.8292822,0.7563866,0.8912082,0.8327056,0.8777162,0.8654235,0.830159,0.7592851,0.7424172
white-clover.arff,0.7597223,0.8000001,0.6458333,0.6854167,0.6958333,0.8611111,0.9055556,0.8125001,0.6854166,0.8041667,0.7875,0.75
wind.arff,0.9151937,0.8570528,0.8136493,0.8466543,0.873575,0.9348861,0.9327902,0.8899474,0.9006763,0.9385621,0.8502778,0.8524044
wind_correlations.arff,0.9583333,0.9083333,0.8333333,0.8916666,0.8416666,0.9666666,0.9833333,0.9333333,0.8833333,0.9833333,0.8833333,0.8833333
wisconsin.arff,0.505202,0.6313132,0.560303,0.4985354,0.5390911,0.6217172,0.6147476,0.6116163,0.5058586,0.579091,0.5441919,0.6151515
witmer_census_1980.arff,0.7583332,0.7333334,0.6499999,0.6083332,0.6999999,0.7999999,0.8,0.7333333,0.5,0.7833333,0.7499999,0.7666665
yeast_ml8.arff,0.8613078,0.5,0.5312026,0.7896872,0.4995816,0.5755299,0.8896161,0.8092,0.5828781,0.8373429,0.526018,0.5
zoo.arff,1,1,1,1,1,1,1,1,0.5,1,1,1
