name,AB,HT,Ibk,J48,Jrip,Log,MLP,NB,REP,RF,SGD,SVM
2dplanes.arff,0.9241,0.98,0.9559,0.9795,0.9468,0.9177,0.8849,0.7195,0.9822,0.9778,0.8344,0.8355
abalone.arff,0.8535,0.7365,0.722,0.8139,0.8143,0.8741,0.8509,0.8203,0.8388,0.8688,0.7873,0.7753
ada_prior.arff,0.8931,0.7755,0.6928,0.8256,0.7585,0.8891,0.7983,0.8827,0.8401,0.8771,0.7534,0.7464
adult.arff,0.9093,0.8732,0.7198,0.8892,0.7483,0.9115,0.8243,0.9018,0.8811,0.8984,0.7714,0.7662
adult-census.arff,0.9086,0.8137,0.7154,0.8896,0.7566,0.9049,0.8051,0.8918,0.8832,0.8977,0.7676,0.7536
ailerons.arff,0.9485,0.7945,0.8254,0.8688,0.8932,0.9517,0.917,0.7798,0.9295,0.9502,0.8652,0.8758
analcatdata_apnea1.arff,0.9219,0.9159,0.8601,0.926,0.8469,0.9201,0.8928,0.9159,0.9196,0.9336,0.8201,0.8201
analcatdata_apnea2.arff,0.9483,0.9379,0.827,0.9221,0.9013,0.9434,0.889,0.9379,0.9504,0.9644,0.9312,0.9312
analcatdata_apnea3.arff,0.9112,0.9059,0.8177,0.8893,0.8216,0.9144,0.8824,0.9059,0.8829,0.9377,0.8411,0.8411
analcatdata_asbestos.arff,0.7926,0.8437,0.8076,0.7156,0.787,0.8396,0.7905,0.8431,0.7565,0.8135,0.7667,0.7911
analcatdata_authorship.arff,0.9997,0.9977,0.9978,0.9665,0.9449,0.9986,0.9998,0.9976,0.9688,0.9999,0.9921,0.9974
analcatdata_bankruptcy.arff,0.88,0.8816,0.86,0.8136,0.8152,0.8976,0.9632,0.8784,0.4,0.9248,0.88,0.84
analcatdata_birthday.arff,0.9413,0.9041,0.7923,0.8153,0.7678,0.7748,0.8176,0.917,0.7583,0.8894,0.6974,0.6016
analcatdata_bondrate.arff,0.5189,0.6402,0.5095,0.5676,0.5038,0.4987,0.6376,0.6098,0.4205,0.6048,0.6193,0.6913
analcatdata_boxing1.arff,0.8996,0.9049,0.8289,0.8602,0.794,0.8367,0.8503,0.9049,0.8342,0.8883,0.8114,0.794
analcatdata_boxing2.arff,0.8289,0.8309,0.7389,0.8299,0.7671,0.8127,0.7562,0.8309,0.8363,0.8515,0.755,0.8289
analcatdata_broadway.arff,1,0.9995,0.8216,1,0.9649,0.9847,1,0.9995,0.4485,1,1,1
analcatdata_broadwaymult.arff,0.8189,0.8074,0.3716,0.7544,0.7445,0.4083,0.815,0.8072,0.4869,0.5752,0.7836,0.7728
analcatdata_creditscore.arff,0.9561,0.9985,0.6352,0.9871,0.9871,0.9741,0.9011,0.9848,0.9871,0.9929,0.6324,0.5885
analcatdata_cyyoung8092.arff,0.8039,0.8291,0.5828,0.74,0.7568,0.7703,0.782,0.8288,0.5308,0.8293,0.6401,0.6256
analcatdata_cyyoung9302.arff,0.8493,0.4614,0.7138,0.7473,0.6936,0.7866,0.8587,0.8832,0.735,0.8262,0.7347,0.69
analcatdata_dmft.arff,0.5568,0.5783,0.5141,0.5326,0.4971,0.582,0.543,0.5783,0.5356,0.5182,0.5,0.5
analcatdata_draft.arff,0.6581,0.5378,0.5429,0.4716,0.5126,0.5793,0.5478,0.6073,0.4716,0.5222,0.5,0.5
analcatdata_election2000.arff,0.9518,0.9705,0.9541,0.9456,0.8827,0.9546,0.9864,0.9705,0.4456,0.9943,0.9138,0.8333
analcatdata_gsssexsurvey.arff,0.5476,0.4548,0.5159,0.5185,0.4855,0.5846,0.5601,0.5647,0.5045,0.5457,0.5165,0.8464
analcatdata_gviolence.arff,0.9767,0.9625,0.934,0.958,0.9602,1,0.9993,0.9737,0.4617,0.9977,0.9884,1
analcatdata_halloffame.arff,0.9555,0.489,0.7908,0.787,0.8014,0.9599,0.4952,0.9384,0.489,0.9594,0.7934,0.7907
analcatdata_japansolvent.arff,0.8696,0.9356,0.8044,0.8052,0.8148,0.8044,0.8948,0.9296,0.4089,0.8844,0.763,0.763
analcatdata_lawsuit.arff,0.964,0.9794,0.8193,0.893,0.9211,0.9914,0.9961,0.9781,0.9414,0.9908,0.8401,0.5789
analcatdata_marketing.arff,0.4798,0.4873,0.5248,0.507,0.5044,0.5335,0.4964,0.5072,0.5113,0.518,0.4952,0.5089
analcatdata_michiganacc.arff,0.8203,0.8132,0.6618,0.5953,0.6766,0.7941,0.7575,0.8101,0.5738,0.7498,0.7521,0.7125
analcatdata_neavote.arff,0.4286,0.3387,0.6206,0.3387,0.3387,0.4654,0.5253,0.5092,0.3387,0.5038,0.5,0.5
analcatdata_negotiation.arff,0.8823,0.9388,0.7389,0.8173,0.8205,0.9277,0.8666,0.9341,0.8354,0.8922,0.8432,0.7698
analcatdata_olympic2000.arff,1,0.9027,0.843,0.9848,0.9848,0.9605,0.9568,0.9004,0.438,0.9982,0.8939,0.8788
analcatdata_reviewer.arff,0.6809,0.6746,0.6369,0.5697,0.5969,0.6501,0.5524,0.6746,0.488,0.6602,0.5845,0.5991
analcatdata_runshoes.arff,0.7118,0.7975,0.5833,0.6574,0.7882,0.8102,0.7564,0.7917,0.6962,0.7882,0.7153,0.6389
analcatdata_seropositive.arff,0.9733,0.9639,0.9585,0.9396,0.9401,0.9666,0.9503,0.9631,0.9474,0.9866,0.9507,0.9616
analcatdata_supreme.arff,0.9979,0.9823,0.9974,0.9884,0.9881,0.9926,0.9884,0.9848,0.9868,0.9979,0.9843,0.9846
analcatdata_uktrainacc.arff,0.7315,0.6296,0.5694,0.8241,0.8426,0.9583,0.8148,0.6111,0.6528,0.8657,0.625,0.625
analcatdata_vehicle.arff,0.9048,0.8862,0.955,0.7681,0.8342,0.8986,0.9347,0.8862,0.7707,0.9083,0.746,0.836
analcatdata_vineyard.arff,0.8824,0.8898,0.8485,0.8941,0.8686,0.823,0.783,0.8796,0.8904,0.9457,0.7433,0.7394
analcatdata_wildcat.arff,0.7812,0.8039,0.6873,0.7562,0.6756,0.8247,0.8183,0.8032,0.7701,0.8318,0.6631,0.6311
anneal.arff,0.9962,0.4926,0.989,0.992,0.957,0.9185,0.9777,0.9549,0.9759,0.9996,0.8498,0.9668
AP_Breast_Kidney.arff,0.9884,0.9687,0.9613,0.9481,0.9539,0.9801,0.5042,0.9687,0.9615,0.9915,0.9725,0.9744
AP_Breast_Omentum.arff,0.9487,0.9494,0.8996,0.9224,0.9149,0.8313,0.4845,0.9465,0.9091,0.9754,0.948,0.9444
AP_Breast_Prostate.arff,0.9855,0.9855,0.9784,0.9941,0.9804,0.9874,0.497,0.9855,0.9814,0.9984,0.9841,0.9826
AP_Colon_Kidney.arff,0.9948,0.9781,0.9817,0.9374,0.9582,0.9781,0.5042,0.9745,0.9636,0.9982,0.9745,0.9795
AP_Colon_Omentum.arff,0.9463,0.9291,0.8936,0.917,0.8464,0.8106,0.4864,0.9356,0.9083,0.974,0.9123,0.9041
AP_Colon_Ovary.arff,0.9747,0.9297,0.8812,0.891,0.9461,0.8764,0.4981,0.9287,0.9205,0.9748,0.9419,0.9283
AP_Colon_Prostate.arff,0.9693,0.9748,0.9646,0.9839,0.9595,0.9779,0.4963,0.9748,0.9744,0.9979,0.9695,0.9713
AP_Endometrium_Breast.arff,0.956,0.9561,0.9555,0.8699,0.9228,0.9582,0.4949,0.9725,0.9216,0.9923,0.9658,0.9643
AP_Endometrium_Lung.arff,0.9612,0.9268,0.9638,0.896,0.8704,0.9591,0.5017,0.9268,0.8979,0.9884,0.9471,0.9595
AP_Endometrium_Prostate.arff,0.9928,0.9773,0.9918,0.9918,0.9918,0.9917,0.4861,0.9773,0.9639,0.9986,0.9928,1
AP_Lung_Uterus.arff,0.9528,0.9199,0.8961,0.9425,0.9457,0.8706,0.4882,0.908,0.9118,0.9778,0.9121,0.924
AP_Omentum_Kidney.arff,0.9593,0.9697,0.9769,0.9354,0.9421,0.984,0.4864,0.9762,0.9574,0.9967,0.9774,0.9755
AP_Omentum_Lung.arff,0.9435,0.9177,0.8799,0.8755,0.8854,0.9584,0.4989,0.9113,0.9121,0.9782,0.9087,0.9188
AP_Omentum_Ovary.arff,0.8197,0.6876,0.6475,0.6931,0.72,0.5992,0.5026,0.6854,0.758,0.8272,0.7035,0.6829
AP_Omentum_Uterus.arff,0.9236,0.9062,0.839,0.8105,0.8435,0.9263,0.4824,0.9127,0.8327,0.9668,0.9109,0.9133
AP_Ovary_Uterus.arff,0.9615,0.8537,0.7606,0.8183,0.7908,0.8799,0.4985,0.8497,0.8222,0.9435,0.8689,0.8805
AP_Prostate_Kidney.arff,0.9836,0.9783,0.9817,0.9802,0.9628,0.99,0.5065,0.9783,0.9793,0.9985,0.9889,0.9908
AP_Prostate_Uterus.arff,0.9855,0.9783,1,0.9887,0.9855,0.9808,0.495,0.9783,0.9771,0.9987,0.967,0.9815
AP_Uterus_Kidney.arff,0.9842,0.9725,0.9594,0.9697,0.9526,0.9801,0.5097,0.9666,0.9627,0.9963,0.9844,0.9783
ar1.arff,0.7629,0.4425,0.8304,0.6498,0.5064,0.5392,0.6096,0.6662,0.4425,0.7946,0.5,0.5
ar4.arff,0.8282,0.7218,0.5833,0.6256,0.6943,0.5865,0.6532,0.719,0.683,0.8216,0.6463,0.6135
ar5.arff,0.7589,0.817,0.808,0.8259,0.6607,0.7768,0.8438,0.8638,0.4933,0.8616,0.8214,0.7768
ar6.arff,0.6388,0.4019,0.6705,0.5097,0.4872,0.607,0.6171,0.6453,0.4019,0.6329,0.6609,0.5667
arsenic-female-bladder.arff,0.7941,0.7926,0.6333,0.4991,0.5364,0.7693,0.7208,0.834,0.6842,0.7651,0.5667,0.5667
arsenic-female-lung.arff,0.9147,0.7663,0.9017,0.4763,0.7368,0.8463,0.7868,0.7823,0.874,0.8869,0.8421,0.8421
arsenic-male-bladder.arff,0.9021,0.8343,0.8007,0.4477,0.676,0.815,0.7569,0.8676,0.8453,0.8232,0.7708,0.7708
arsenic-male-lung.arff,1,1,1,0.4172,1,1,1,1,1,1,1,1
audiology.arff,0.9896,0.4841,0.8913,0.9841,0.9325,0.9353,0.983,0.9769,0.967,0.9965,0.9501,0.9443
Australian.arff,0.9362,0.666,0.7992,0.8571,0.8847,0.9285,0.8886,0.8205,0.909,0.9358,0.8636,0.862
auto_price.arff,0.976,0.9899,0.8996,0.9396,0.9313,0.9444,0.9952,0.9905,0.934,0.9971,0.9394,0.9347
auto93.arff,0.9291,0.8416,0.7645,0.8453,0.7185,0.7865,0.8552,0.8466,0.6456,0.9143,0.7968,0.7424
autoHorse.arff,0.9993,0.9411,0.892,0.9034,0.98,0.9631,0.9844,0.9506,0.9414,0.999,0.9496,0.9472
autoMpg.arff,0.963,0.9625,0.9036,0.9363,0.882,0.9588,0.943,0.9625,0.9197,0.9809,0.916,0.8796
autoPrice.arff,0.976,0.9905,0.9155,0.9396,0.9371,0.9031,0.9905,0.9901,0.934,0.9971,0.9537,0.9489
autos.arff,0.9197,0.8035,0.8575,0.8967,0.7879,0.8394,0.913,0.8045,0.8558,0.9709,0.8518,0.8149
backache.arff,0.5745,0.4419,0.6355,0.611,0.5199,0.5862,0.6347,0.688,0.4419,0.7252,0.549,0.6271
badges2.arff,1,1,1,1,1,0.9976,1,1,1,1,1,1
balance-scale.arff,0.9997,0.9948,0.9279,0.8237,0.8817,0.9806,0.9764,0.9946,0.8905,0.9751,0.9494,0.9277
balloon.arff,0.9987,0.9641,0.9873,0.9935,0.9825,0.9742,0.9725,0.8894,0.9902,0.9995,0.877,0.6144
bank32nh.arff,0.8685,0.8484,0.5462,0.6989,0.7468,0.8896,0.8456,0.8638,0.8249,0.8793,0.7711,0.756
bank8FM.arff,0.9855,0.9849,0.7313,0.9403,0.9402,0.9893,0.9876,0.974,0.9698,0.9883,0.9388,0.9362
baskball.arff,0.7412,0.7495,0.6303,0.8201,0.7119,0.7525,0.6845,0.7477,0.6526,0.7647,0.7069,0.7295
biomed.arff,0.9592,0.9459,0.8411,0.8729,0.868,0.9272,0.8758,0.9456,0.8442,0.9552,0.8352,0.8331
bodyfat.arff,0.996,0.9325,0.8424,0.9961,0.9951,0.9672,0.9991,0.911,0.9912,0.9991,0.9478,0.9357
bolts.arff,0.9451,0.9148,0.7995,0.8819,0.9354,0.8269,0.9038,0.9217,0.8544,0.9437,0.8352,0.7637
boston.arff,0.9334,0.8246,0.8412,0.8752,0.8664,0.9314,0.8991,0.8671,0.8915,0.95,0.8674,0.8486
boston_corrected.arff,0.9367,0.8306,0.8297,0.8645,0.8672,0.9045,0.8655,0.9069,0.8812,0.9391,0.8722,0.8749
breast-cancer.arff,0.6514,0.7002,0.6386,0.5834,0.581,0.6271,0.6788,0.7002,0.6384,0.6818,0.5659,0.5749
breastTumor.arff,0.6354,0.664,0.5539,0.5233,0.5676,0.6224,0.6362,0.6639,0.5506,0.5158,0.6163,0.6276
breast-w.arff,0.9908,0.9788,0.9766,0.9589,0.9661,0.9939,0.9703,0.9798,0.9634,0.9917,0.9619,0.963
bridges.arff,0.8994,0.9087,0.8088,0.7495,0.8162,0.8636,0.9044,0.9235,0.4567,0.8391,0.8115,0.8115
cal_housing.arff,0.918,0.8188,0.8156,0.9069,0.8769,0.9181,0.907,0.8385,0.9245,0.9607,0.8392,0.8286
car.arff,0.99,0.9903,0.9999,0.977,0.9632,0.9915,0.9716,0.9903,0.9835,0.9982,0.9489,0.9548
cars.arff,0.9487,0.6047,0.8725,0.8746,0.8896,0.6801,0.696,0.8917,0.7895,0.9665,0.8877,0.8883
chatfield_4.arff,0.9478,0.9326,0.829,0.9225,0.8722,0.959,0.9229,0.9328,0.8976,0.9595,0.8879,0.868
cholesterol.arff,0.5578,0.6079,0.5595,0.5198,0.5414,0.5959,0.5951,0.6028,0.5277,0.5454,0.5445,0.5395
chscase_adopt.arff,0.7546,0.7068,0.7407,0.6512,0.7269,0.7731,0.8117,0.7191,0.3966,0.8025,0.5648,0.5231
chscase_census2.arff,0.5045,0.4713,0.5401,0.499,0.5318,0.4794,0.5098,0.4774,0.5162,0.5472,0.4849,0.4828
chscase_census3.arff,0.4585,0.467,0.486,0.492,0.4252,0.4922,0.4723,0.4649,0.4637,0.471,0.4944,0.4748
chscase_census5.arff,0.4324,0.474,0.5417,0.4744,0.4954,0.4307,0.4711,0.472,0.4415,0.4788,0.4446,0.4721
chscase_census6.arff,0.417,0.4871,0.4902,0.4871,0.483,0.4435,0.5191,0.4694,0.4375,0.4697,0.5,0.5
chscase_funds.arff,0.6506,0.6677,0.6064,0.5914,0.6037,0.6866,0.6259,0.6704,0.4796,0.6668,0.6329,0.6469
chscase_geyser1.arff,0.8944,0.7841,0.8262,0.8285,0.8342,0.9283,0.8977,0.9253,0.8532,0.8902,0.8846,0.8675
chscase_health.arff,0.6474,0.6795,0.641,0.5745,0.4583,0.7155,0.6843,0.6683,0.4038,0.6066,0.6218,0.601
chscase_vine1.arff,0.8899,0.8527,0.8155,0.811,0.817,0.875,0.8557,0.8601,0.7917,0.9368,0.7857,0.8452
chscase_vine2.arff,0.885,0.8063,0.8909,0.9076,0.8484,0.5008,0.569,0.8064,0.8741,0.9409,0.5,0.506
chscase_whale.arff,1,0.9872,0.9854,0.9867,0.9996,0.9902,1,0.9902,0.9809,1,1,0.9872
cleveland.arff,0.8942,0.9045,0.7575,0.7469,0.7967,0.9024,0.8555,0.9055,0.7845,0.8916,0.83,0.8367
cmc.arff,0.7634,0.6872,0.5759,0.7084,0.7204,0.7055,0.67,0.6955,0.6899,0.7194,0.6334,0.6385
colic.arff,0.9029,0.8278,0.7842,0.7944,0.8593,0.8373,0.8288,0.8681,0.8288,0.9309,0.6941,0.8214
colleges_aaup.arff,0.9988,0.9852,0.8781,0.9858,0.982,0.9414,0.5054,0.9851,0.4964,0.9979,0.9565,0.9456
colleges_usnews.arff,0.7924,0.8086,0.6054,0.6986,0.7304,0.6826,0.5014,0.7994,0.4963,0.8123,0.709,0.7323
collins.arff,1,1,1,1,1,1,0.9014,0.9906,1,1,1,1
cpu.arff,1,0.9905,0.9077,0.9243,0.9306,0.9513,0.9959,0.9916,0.9099,0.9967,0.9715,0.9117
cpu_act.arff,0.9734,0.7753,0.8892,0.9148,0.9127,0.9801,0.9483,0.939,0.9555,0.9828,0.9107,0.9006
cpu_small.arff,0.9659,0.8738,0.8736,0.9075,0.8942,0.9679,0.9526,0.9469,0.9491,0.9766,0.8844,0.8767
credit-a.arff,0.9348,0.7407,0.809,0.8791,0.8789,0.9074,0.8703,0.8962,0.8756,0.9246,0.8591,0.8591
credit-g.arff,0.7708,0.7791,0.6407,0.6398,0.6267,0.7849,0.6984,0.7815,0.7146,0.768,0.7076,0.6688
cylinder-bands.arff,0.8478,0.5697,0.726,0.4939,0.6952,0.7735,0.5291,0.816,0.5685,0.9064,0.7936,0.7996
datatrieve.arff,0.7364,0.4553,0.5699,0.4473,0.6952,0.7391,0.6173,0.7464,0.4045,0.6409,0.5,0.5
delta_ailerons.arff,0.9731,0.9452,0.9136,0.9512,0.9485,0.9719,0.9682,0.9658,0.962,0.9782,0.9385,0.939
delta_elevators.arff,0.9428,0.3402,0.8281,0.9103,0.8964,0.9424,0.9418,0.9347,0.9234,0.942,0.8805,0.881
diabetes.arff,0.8241,0.7759,0.6725,0.7443,0.9887,0.83,0.8195,0.8136,0.7992,0.83,0.7302,0.7129
diabetes_numeric.arff,0.7149,0.517,0.448,0.569,0.5305,0.6833,0.6403,0.6946,0.733,0.6471,0.5995,0.4656
diggle_table_a1.arff,0.6591,0.7217,0.627,0.54,0.4739,0.7304,0.7,0.727,0.5783,0.6878,0.7113,0.6913
diggle_table_a2.arff,1,0.9797,1,0.9966,0.9966,0.9799,0.9985,0.968,1,1,0.9784,0.9132
disclosure_x_bias.arff,0.5551,0.5781,0.5156,0.4931,0.5546,0.5766,0.5647,0.5782,0.5123,0.5067,0.5648,0.552
disclosure_x_noise.arff,0.5117,0.5464,0.4861,0.4998,0.5317,0.5469,0.5265,0.5344,0.4802,0.4547,0.5508,0.5493
disclosure_x_tampered.arff,0.5215,0.5452,0.5215,0.4919,0.5106,0.5437,0.5465,0.54,0.4933,0.4955,0.5455,0.5452
disclosure_z.arff,0.5239,0.5679,0.512,0.4939,0.538,0.5764,0.5727,0.5704,0.5278,0.5193,0.5513,0.5409
echoMonths.arff,0.7791,0.8068,0.6927,0.7789,0.7646,0.7741,0.7295,0.8078,0.7952,0.8333,0.7973,0.7973
ecoli.arff,0.9855,0.9885,0.9441,0.9439,0.9542,0.9892,0.9809,0.9887,0.9583,0.9855,0.9635,0.9583
electricity.arff,0.8692,0.6705,0.7887,0.9303,0.871,0.8273,0.7804,0.7895,0.9317,0.9788,0.7418,0.7354
elevators.arff,0.8764,0.791,0.7473,0.8231,0.7922,0.9434,0.9184,0.7978,0.8514,0.9181,0.8507,0.8202
elusage.arff,0.9214,0.961,0.879,0.8387,0.8743,0.9254,0.8992,0.9583,0.8616,0.9449,0.8313,0.8522
fl2000.arff,0.863,0.6726,0.7434,0.811,0.7481,0.9024,0.833,0.6942,0.6726,0.8555,0.6609,0.6154
flags.arff,0.8264,0.7421,0.6594,0.7062,0.6748,0.6503,0.7259,0.7662,0.4834,0.7681,0.7156,0.7076
fri_c0_100_10.arff,0.8857,0.9079,0.6838,0.7291,0.7133,0.8905,0.8388,0.9111,0.7166,0.8988,0.8071,0.8384
fri_c0_100_25.arff,0.838,0.8284,0.66,0.6244,0.7052,0.7612,0.733,0.8252,0.7486,0.8104,0.69,0.75
fri_c0_100_5.arff,0.934,0.9457,0.8498,0.7895,0.7667,0.913,0.8897,0.9477,0.7625,0.9118,0.8466,0.8357
fri_c0_100_50.arff,0.6519,0.7887,0.6603,0.6357,0.7065,0.6641,0.7411,0.7887,0.6399,0.7485,0.6603,0.7101
fri_c0_1000_10.arff,0.9479,0.9397,0.7195,0.8294,0.8379,0.9116,0.8922,0.9398,0.8587,0.9439,0.8273,0.837
fri_c0_1000_25.arff,0.9527,0.9352,0.6468,0.8017,0.8452,0.9,0.8584,0.9353,0.8655,0.9416,0.8209,0.8189
fri_c0_1000_5.arff,0.9556,0.9505,0.852,0.8507,0.8565,0.9202,0.9161,0.9504,0.8701,0.9582,0.8482,0.85
fri_c0_1000_50.arff,0.9399,0.917,0.6313,0.7773,0.8481,0.8919,0.8315,0.917,0.8647,0.9244,0.8221,0.8253
fri_c0_250_10.arff,0.9289,0.9124,0.728,0.7875,0.8532,0.8815,0.7998,0.9128,0.7925,0.925,0.812,0.804
fri_c0_250_25.arff,0.9026,0.8537,0.6203,0.8161,0.7866,0.872,0.8191,0.9025,0.7762,0.9185,0.8041,0.804
fri_c0_250_5.arff,0.9313,0.9283,0.828,0.8539,0.8597,0.8805,0.8442,0.9279,0.7841,0.9358,0.808,0.804
fri_c0_250_50.arff,0.8698,0.8594,0.5683,0.8,0.7521,0.8483,0.8071,0.8591,0.8249,0.8821,0.7361,0.7429
fri_c0_500_10.arff,0.9484,0.9315,0.7434,0.8401,0.8458,0.9134,0.8777,0.9304,0.8494,0.9419,0.8409,0.8481
fri_c0_500_25.arff,0.927,0.9107,0.6054,0.781,0.8049,0.8779,0.817,0.9108,0.8138,0.9268,0.7854,0.7959
fri_c0_500_5.arff,0.9448,0.9247,0.8059,0.8063,0.8353,0.9073,0.8939,0.9274,0.8323,0.9434,0.834,0.8279
fri_c0_500_50.arff,0.9386,0.8884,0.6204,0.7915,0.7783,0.8843,0.8023,0.8988,0.7937,0.9249,0.7961,0.7961
fri_c1_100_10.arff,0.8426,0.7226,0.5961,0.7585,0.7794,0.6499,0.7037,0.7214,0.7216,0.9057,0.6186,0.6588
fri_c1_100_25.arff,0.9171,0.6881,0.653,0.8228,0.7923,0.6696,0.6369,0.6881,0.8328,0.8926,0.6493,0.6965
fri_c1_100_5.arff,0.8566,0.8505,0.7242,0.7537,0.7689,0.7236,0.6479,0.8485,0.7356,0.8798,0.6596,0.6444
fri_c1_100_50.arff,0.8553,0.4744,0.5674,0.793,0.7494,0.5933,0.5455,0.5974,0.6934,0.7522,0.5649,0.5917
fri_c1_1000_10.arff,0.9721,0.743,0.7131,0.8723,0.8949,0.7475,0.7759,0.7476,0.9176,0.9749,0.6633,0.6739
fri_c1_1000_25.arff,0.9685,0.7082,0.5936,0.8817,0.8898,0.7146,0.6324,0.714,0.918,0.9636,0.6414,0.6374
fri_c1_1000_5.arff,0.9628,0.7195,0.8696,0.8882,0.8833,0.7032,0.6759,0.7194,0.9054,0.9809,0.6348,0.6292
fri_c1_1000_50.arff,0.9672,0.7276,0.552,0.827,0.8802,0.7115,0.6309,0.7393,0.9002,0.9444,0.6374,0.6479
fri_c1_250_10.arff,0.9642,0.7292,0.7032,0.8653,0.8605,0.7392,0.6845,0.729,0.8478,0.955,0.6922,0.6786
fri_c1_250_25.arff,0.9391,0.674,0.5752,0.8644,0.826,0.6419,0.5882,0.6745,0.9098,0.9439,0.5717,0.602
fri_c1_250_5.arff,0.9576,0.757,0.84,0.8709,0.9197,0.7256,0.7362,0.7566,0.8626,0.9729,0.6453,0.6781
fri_c1_250_50.arff,0.9441,0.741,0.5755,0.8711,0.8606,0.71,0.5748,0.7409,0.865,0.9157,0.605,0.6336
fri_c1_500_10.arff,0.9618,0.7243,0.7064,0.8729,0.862,0.7267,0.6772,0.7296,0.8965,0.9674,0.6447,0.6442
fri_c1_500_25.arff,0.9398,0.7375,0.6047,0.799,0.845,0.7151,0.6653,0.7377,0.8817,0.9476,0.6481,0.6697
fri_c1_500_5.arff,0.9478,0.7305,0.8199,0.8769,0.8633,0.7228,0.7589,0.7305,0.8764,0.9568,0.7126,0.6989
fri_c1_500_50.arff,0.9228,0.6887,0.5536,0.803,0.8495,0.6669,0.6486,0.6887,0.8263,0.8976,0.6353,0.6145
fri_c2_100_10.arff,0.8752,0.7721,0.599,0.7525,0.7036,0.7745,0.7713,0.7741,0.7218,0.8844,0.7131,0.7202
fri_c2_100_25.arff,0.7813,0.7809,0.5541,0.7152,0.8299,0.6552,0.7407,0.7809,0.7868,0.8851,0.6591,0.6444
fri_c2_100_5.arff,0.896,0.7246,0.7875,0.6935,0.7073,0.6833,0.7338,0.7242,0.6981,0.8788,0.6958,0.6708
fri_c2_100_50.arff,0.8736,0.7935,0.6034,0.7592,0.8071,0.5133,0.6051,0.7947,0.8134,0.9128,0.5669,0.6424
fri_c2_1000_10.arff,0.9693,0.7383,0.7412,0.9009,0.901,0.7796,0.7966,0.7377,0.9168,0.9761,0.7174,0.7555
fri_c2_1000_25.arff,0.9757,0.7398,0.6145,0.8553,0.916,0.7586,0.8157,0.7391,0.9226,0.9604,0.691,0.7264
fri_c2_1000_5.arff,0.9773,0.7704,0.8877,0.9049,0.8959,0.795,0.8283,0.7688,0.9166,0.9793,0.7833,0.7843
fri_c2_1000_50.arff,0.9663,0.7517,0.5704,0.8543,0.8617,0.7617,0.8062,0.7546,0.9011,0.9301,0.6908,0.6926
fri_c2_250_10.arff,0.9493,0.8282,0.7927,0.8649,0.8651,0.8242,0.8335,0.8284,0.8697,0.9581,0.7848,0.8138
fri_c2_250_25.arff,0.9428,0.6394,0.5751,0.8106,0.774,0.7238,0.7431,0.7203,0.8121,0.9304,0.6687,0.6633
fri_c2_250_5.arff,0.9568,0.7455,0.8188,0.893,0.8478,0.7791,0.7873,0.7452,0.8386,0.9691,0.7636,0.7669
fri_c2_250_50.arff,0.913,0.7094,0.5377,0.7768,0.8356,0.7459,0.6474,0.7403,0.8136,0.8919,0.7009,0.7026
fri_c2_500_10.arff,0.9668,0.741,0.6878,0.9305,0.9164,0.7556,0.8119,0.7464,0.8999,0.9791,0.773,0.7823
fri_c2_500_25.arff,0.9525,0.6745,0.5681,0.8497,0.8597,0.6752,0.7424,0.6747,0.8609,0.9282,0.613,0.6066
fri_c2_500_5.arff,0.9608,0.7384,0.8672,0.8949,0.873,0.767,0.7803,0.7398,0.8976,0.9734,0.7026,0.7266
fri_c2_500_50.arff,0.9518,0.7737,0.5626,0.8561,0.8704,0.7472,0.7962,0.7738,0.8788,0.9314,0.694,0.6886
fri_c3_100_10.arff,0.7963,0.5463,0.5833,0.7923,0.6694,0.6417,0.575,0.6729,0.6235,0.8535,0.5125,0.5583
fri_c3_100_25.arff,0.8046,0.4677,0.598,0.7022,0.6624,0.5879,0.5958,0.5422,0.6699,0.7543,0.5667,0.596
fri_c3_100_5.arff,0.9225,0.6794,0.767,0.7567,0.7457,0.739,0.6425,0.6794,0.6459,0.9134,0.6526,0.668
fri_c3_100_50.arff,0.7765,0.4728,0.6201,0.7063,0.7803,0.5155,0.4363,0.5821,0.8037,0.7806,0.4593,0.5149
fri_c3_1000_10.arff,0.9602,0.7019,0.722,0.9018,0.883,0.7176,0.6916,0.7052,0.9135,0.969,0.6391,0.6526
fri_c3_1000_25.arff,0.9739,0.7212,0.5706,0.877,0.8909,0.7245,0.6691,0.7193,0.9118,0.9637,0.6711,0.6664
fri_c3_1000_5.arff,0.9595,0.7146,0.8842,0.8855,0.8916,0.7156,0.7002,0.7163,0.8907,0.9729,0.6341,0.6396
fri_c3_1000_50.arff,0.9551,0.7131,0.5852,0.8107,0.8674,0.7293,0.6498,0.7205,0.8849,0.9373,0.6518,0.6669
fri_c3_250_10.arff,0.9686,0.6464,0.6277,0.8673,0.8853,0.6983,0.6371,0.6765,0.8677,0.9656,0.6341,0.6209
fri_c3_250_25.arff,0.9333,0.674,0.5553,0.8193,0.7801,0.6762,0.6464,0.6711,0.7545,0.9164,0.6173,0.6399
fri_c3_250_5.arff,0.9432,0.7476,0.848,0.873,0.8305,0.7554,0.7236,0.7354,0.8151,0.9565,0.6574,0.6582
fri_c3_250_50.arff,0.9309,0.5575,0.4865,0.8725,0.8627,0.6281,0.6713,0.6354,0.8064,0.9003,0.6022,0.6114
fri_c3_500_10.arff,0.9598,0.665,0.6837,0.8866,0.8657,0.6922,0.6586,0.6726,0.9026,0.9662,0.623,0.626
fri_c3_500_25.arff,0.9556,0.655,0.5956,0.8393,0.864,0.6879,0.6471,0.6737,0.8497,0.9385,0.5933,0.6119
fri_c3_500_5.arff,0.9601,0.6455,0.8845,0.8466,0.869,0.7183,0.7039,0.6677,0.8596,0.9647,0.686,0.6464
fri_c3_500_50.arff,0.9382,0.6579,0.5069,0.8131,0.8469,0.6868,0.5887,0.6755,0.8376,0.9011,0.5952,0.6139
fri_c4_100_10.arff,0.8458,0.7134,0.6375,0.7507,0.7732,0.7021,0.6076,0.7134,0.778,0.9139,0.6317,0.6636
fri_c4_100_100.arff,0.8322,0.672,0.4769,0.7081,0.7676,0.4984,0.5259,0.6728,0.786,0.774,0.5241,0.5761
fri_c4_100_25.arff,0.814,0.7697,0.6578,0.7836,0.817,0.6626,0.6059,0.7709,0.6723,0.8935,0.6828,0.661
fri_c4_100_50.arff,0.7474,0.4353,0.5398,0.7236,0.7155,0.4894,0.4594,0.5154,0.7752,0.7666,0.4903,0.5154
fri_c4_1000_10.arff,0.9616,0.7009,0.7381,0.8783,0.8707,0.7134,0.6828,0.7009,0.9111,0.9631,0.6332,0.6338
fri_c4_1000_100.arff,0.9583,0.7012,0.5129,0.8708,0.8805,0.7131,0.637,0.7019,0.8875,0.9076,0.617,0.6328
fri_c4_1000_25.arff,0.9551,0.66,0.5923,0.8703,0.8929,0.6859,0.655,0.6765,0.882,0.9601,0.6374,0.6306
fri_c4_1000_50.arff,0.9567,0.7037,0.5239,0.8296,0.8664,0.7107,0.6208,0.7038,0.8934,0.936,0.6342,0.6216
fri_c4_250_10.arff,0.9266,0.6921,0.6872,0.7993,0.7535,0.6641,0.5994,0.6864,0.7929,0.9305,0.6385,0.6337
fri_c4_250_100.arff,0.9013,0.6719,0.5873,0.7598,0.8032,0.5399,0.5821,0.6716,0.7624,0.8235,0.5851,0.5922
fri_c4_250_25.arff,0.9177,0.6394,0.6137,0.8251,0.8317,0.6548,0.6075,0.6857,0.8105,0.921,0.5816,0.6027
fri_c4_250_50.arff,0.8696,0.6399,0.52,0.7891,0.7981,0.597,0.5617,0.6554,0.728,0.8744,0.5507,0.5752
fri_c4_500_10.arff,0.9549,0.6836,0.7664,0.8448,0.7838,0.7167,0.6722,0.6852,0.8558,0.962,0.646,0.6577
fri_c4_500_100.arff,0.9272,0.6941,0.498,0.8482,0.8531,0.6538,0.6305,0.6939,0.8358,0.864,0.5862,0.6141
fri_c4_500_25.arff,0.9531,0.7021,0.607,0.85,0.8664,0.72,0.6627,0.7117,0.8764,0.9421,0.6308,0.6586
fri_c4_500_50.arff,0.9519,0.6705,0.541,0.8019,0.8232,0.6872,0.5901,0.6706,0.8732,0.9351,0.5761,0.6129
fried.arff,0.9652,0.9142,0.8259,0.9082,0.9231,0.9159,0.9008,0.9453,0.9443,0.981,0.8382,0.839
fruitfly.arff,0.4271,0.4748,0.4552,0.4295,0.4494,0.5769,0.5103,0.429,0.4067,0.4611,0.5,0.5
gina_agnostic.arff,0.9262,0.7838,0.8267,0.8699,0.9166,0.7528,0.8668,0.7834,0.906,0.9805,0.7989,0.8312
gina_prior.arff,0.925,0.7045,0.9605,0.8683,0.928,0.8868,0.8753,0.7985,0.9114,0.9868,0.8399,0.8622
glass.arff,0.8228,0.7607,0.7935,0.8104,0.7513,0.8248,0.6478,0.6747,0.782,0.9053,0.4937,0.5
haberman.arff,0.6723,0.6545,0.5894,0.5704,0.6261,0.6641,0.6391,0.6537,0.5736,0.6573,0.5501,0.6702
hayes-roth.arff,0.9351,0.5944,0.8458,0.8249,0.7156,0.776,0.6927,0.784,0.7444,0.9047,0.7001,0.6743
heart-c.arff,0.8928,0.9078,0.7626,0.7969,0.812,0.9025,0.8273,0.9079,0.8016,0.8945,0.8331,0.835
heart-statlog.arff,0.8817,0.8989,0.7192,0.7861,0.8122,0.8983,0.8229,0.8988,0.8193,0.8894,0.82,0.8292
hepatitis.arff,0.8213,0.8767,0.6874,0.6588,0.5667,0.8432,0.7716,0.8784,0.6371,0.8565,0.7719,0.7603
hip.arff,0.9203,0.8668,0.6099,0.7734,0.6896,0.897,0.8613,0.8777,0.7328,0.8681,0.8352,0.8132
house_16H.arff,0.9336,0.6826,0.7799,0.8505,0.8328,0.8864,0.8658,0.8451,0.9032,0.9518,0.788,0.7604
house_8L.arff,0.9302,0.8696,0.7699,0.9012,0.8468,0.8868,0.8746,0.8667,0.9165,0.946,0.7952,0.7607
houses.arff,0.9981,0.9924,0.9698,0.9932,0.9862,0.9949,0.9819,0.992,0.9959,0.9989,0.9611,0.9606
housing.arff,0.9319,0.8182,0.8548,0.8695,0.8562,0.935,0.8961,0.8626,0.8886,0.949,0.8667,0.8493
humandevel.arff,0.9385,0.96,0.8722,0.8431,0.8886,0.9591,0.9323,0.9598,0.4615,0.9322,0.8692,0.8769
hungarian.arff,0.893,0.9086,0.7844,0.7675,0.765,0.8857,0.8351,0.909,0.8259,0.8862,0.8141,0.8153
hutsof99_child_witness.arff,0.7694,0.7624,0.6306,0.5659,0.6741,0.8341,0.7671,0.7694,0.6035,0.7765,0.7035,0.7141
hutsof99_logis.arff,0.7026,0.8178,0.656,0.5772,0.6748,0.7377,0.6703,0.8178,0.6475,0.7578,0.6691,0.7124
hypothyroid.arff,0.9955,0.989,0.6725,0.9931,0.9808,0.9768,0.8554,0.9204,0.9929,0.9992,0.6763,0.5736
ionosphere.arff,0.9674,0.925,0.805,0.8858,0.8702,0.8604,0.8172,0.9298,0.9079,0.9822,0.827,0.8359
iris.arff,1,1,1,0.98,1,1,1,1,1,1,1,1
irish.arff,1,1,0.9933,1,1,0.9942,1,0.9994,1,0.9997,0.9892,0.9892
jEdit_4.0_4.2.arff,0.8263,0.7104,0.6655,0.7655,0.7442,0.8079,0.7786,0.7123,0.7465,0.8211,0.7284,0.6675
jEdit_4.2_4.3.arff,0.685,0.629,0.673,0.669,0.6561,0.6615,0.6611,0.6393,0.6682,0.733,0.6238,0.6274
jm1.arff,0.7169,0.5279,0.6349,0.6694,0.5712,0.713,0.6737,0.6143,0.6955,0.7551,0.5038,0.5021
kc1.arff,0.7847,0.4957,0.7328,0.6761,0.6262,0.7973,0.7502,0.7364,0.769,0.8301,0.551,0.518
kc1-binary.arff,0.7829,0.7066,0.6802,0.7292,0.7536,0.6598,0.7824,0.7147,0.7275,0.8145,0.7275,0.7574
kc1-top5.arff,0.7194,0.391,0.6656,0.6022,0.5214,0.6099,0.8558,0.7655,0.4571,0.8887,0.5922,0.6214
kc3.arff,0.7672,0.4727,0.7285,0.6435,0.5716,0.7512,0.7521,0.7096,0.6613,0.8362,0.5208,0.5921
kdd_el_nino-small.arff,0.9822,0.9625,0.864,0.9568,0.9554,0.9839,0.9372,0.9774,0.978,0.9905,0.9364,0.9128
kdd_internet_usage.arff,0.9443,0.915,0.8188,0.9237,0.8629,0.9298,0.866,0.9203,0.9168,0.9382,0.8495,0.8596
kdd_ipums_la_97-small.arff,0.9931,0.7711,0.9375,0.9666,0.9683,0.9783,0.7179,0.8692,0.9666,0.9802,0.9679,0.9808
kdd_ipums_la_98-small.arff,0.8561,0.5828,0.5826,0.8318,0.5401,0.8462,0.7888,0.7593,0.8286,0.8386,0.5747,0.5168
kdd_synthetic_control.arff,1,1,1,0.9888,0.9751,0.9998,0.5,1,0.5,1,1,1
kidney.arff,0.8691,0.7674,0.6917,0.7882,0.7497,0.7694,0.6833,0.766,0.784,0.8691,0.7389,0.6333
kin8nm.arff,0.8219,0.7568,0.8088,0.818,0.8105,0.8138,0.8051,0.8191,0.8274,0.9326,0.7326,0.7358
kr-vs-kp.arff,0.9924,0.9819,0.9875,0.9986,0.9941,0.9956,0.9787,0.9513,0.9979,0.9991,0.9709,0.9617
labor.arff,0.95,0.8932,0.8081,0.7101,0.898,0.9709,0.9689,0.977,0.7007,0.9608,0.9209,0.9365
letter.arff,0.9902,0.9552,0.9914,0.9856,0.9646,0.9656,0.8546,0.9422,0.9814,0.9998,0.7258,0.9801
leukemia.arff,0.9787,0.98,0.9055,0.7809,0.8843,0.9847,0.9847,1,0.9285,0.9749,0.9255,0.9694
lowbwt.arff,0.8993,0.862,0.7366,0.8093,0.8419,0.8418,0.8367,0.8603,0.8007,0.8644,0.8247,0.8444
lung-cancer.arff,0.5968,0.699,0.5407,0.5523,0.5435,0.5832,0.6374,0.699,0.6175,0.7173,0.6819,0.5902
lupus.arff,0.736,0.7945,0.681,0.6871,0.6929,0.828,0.7407,0.7929,0.817,0.7135,0.7277,0.7231
lymph.arff,0.9158,0.8872,0.846,0.8234,0.7331,0.8321,0.8639,0.9036,0.8287,0.9385,0.8338,0.8487
lymphoma_2classes.arff,1,0.9545,0.7342,0.7253,0.7846,0.9545,1,0.9545,0.6245,0.9694,0.8231,1
machine_cpu.arff,0.9691,0.9684,0.9153,0.9063,0.9296,0.9789,0.9532,0.975,0.9334,0.9723,0.9155,0.8628
MagicTelescope.arff,0.8865,0.6063,0.7785,0.8639,0.8213,0.8391,0.8262,0.985,0.8859,0.9372,0.75,0.7469
mammography.arff,0.9309,0.697,0.7342,0.8299,0.7756,0.917,0.9089,0.9161,0.8301,0.9419,0.6491,0.5596
mbagrade.arff,0.7155,0.7214,0.6422,0.5313,0.5938,0.7171,0.6676,0.722,0.6487,0.6859,0.6304,0.6255
mc1.arff,0.9515,0.8641,0.9356,0.7328,0.6312,0.8904,0.6399,0.813,0.8766,0.9157,0.5,0.5
mc2.arff,0.6628,0.644,0.5959,0.6098,0.4963,0.7265,0.6239,0.6441,0.6134,0.6915,0.6075,0.5924
meta.arff,0.8924,0.4753,0.7763,0.4753,0.6969,0.7671,0.813,0.7882,0.5252,0.9211,0.7218,0.6921
mfeat-factors.arff,0.9925,0.9699,0.99,0.9763,0.9658,0.9992,0.9999,0.9699,0.9776,0.9993,0.9919,0.9942
mfeat-karhunen.arff,0.9919,0.9936,0.9878,0.9099,0.9332,0.9794,0.9913,0.9809,0.9419,0.9977,0.9739,0.9901
mfeat-morphological.arff,0.9923,0.9886,0.9928,0.9886,0.9827,0.9975,0.9999,0.991,0.9876,0.9972,0.9925,0.9925
mfeat-pixel.arff,0.9961,0.9788,0.9899,0.9785,0.9628,0.993,0.6103,0.9788,0.9793,0.9986,0.9814,0.9922
mfeat-zernike.arff,0.9949,0.9562,0.9815,0.9283,0.9624,0.984,0.9896,0.9562,0.9487,0.9951,0.9864,0.9814
molecular-biology_promoters.arff,0.6324,0.4542,0.5633,0.5772,0.5229,0.5772,0.5848,0.6932,0.4542,0.6744,0.594,1
monks-problems-1.arff,0.7294,0.6713,1,0.9989,0.9967,0.6948,0.7875,0.7097,0.9922,1,0.7464,0.7464
monks-problems-2.arff,0.5644,0.491,0.8733,0.5549,0.4701,0.5452,0.7689,0.5446,0.5088,0.809,0.5,0.5
monks-problems-3.arff,0.9833,0.9798,0.9691,0.9902,0.9824,0.9849,0.981,0.9798,0.9896,0.9904,0.9889,0.975
mozilla4.arff,0.9575,0.9415,0.8773,0.9521,0.9186,0.8867,0.9054,0.8292,0.9613,0.9838,0.8326,0.838
mu284.arff,0.9965,0.9363,0.9567,0.9965,0.9965,0.9919,0.9995,0.9555,0.9915,1,0.9789,0.9824
mushroom.arff,1,0.9995,1,1,1,1,0.9972,0.998,1,1,1,1
musk.arff,0.9958,1,0.9938,1,0.9868,0.999,0.9997,0.9013,1,0.9999,0.999,0.999
newton_hema.arff,0.8476,0.8357,0.7143,0.8189,0.736,0.8534,0.7965,0.8348,0.852,0.8647,0.7929,0.7714
no2.arff,0.657,0.5591,0.5579,0.5892,0.6217,0.6166,0.546,0.5865,0.593,0.7103,0.5765,0.5746
nursery.arff,1,1,1,1,1,1,1,1,1,1,1,1
oil_spill.arff,0.906,0.4877,0.7199,0.6331,0.6516,0.8182,0.7864,0.7569,0.717,0.9509,0.7029,0.5964
optdigits.arff,0.9959,0.9648,0.9929,0.9533,0.9636,0.9967,0.9735,0.9762,0.9701,0.9992,0.9666,0.9966
OVA_Breast.arff,0.9746,0.9462,0.9011,0.9044,0.9309,0.9441,0.502,0.9501,0.9366,0.9762,0.9464,0.9395
OVA_Endometrium.arff,0.8956,0.4918,0.7307,0.5597,0.637,0.7501,0.4955,0.8355,0.4918,0.9476,0.6821,0.69
OVA_Ovary.arff,0.965,0.7567,0.6806,0.7501,0.8194,0.7732,0.4977,0.8369,0.8726,0.9482,0.8267,0.7945
OVA_Uterus.arff,0.9444,0.49,0.7583,0.628,0.7737,0.7851,0.497,0.8443,0.7745,0.9345,0.7913,0.7961
page-blocks.arff,0.9843,0.9623,0.8809,0.9581,0.9302,0.9868,0.8664,0.9378,0.9717,0.991,0.7799,0.7296
pasture.arff,0.8073,0.8576,0.7917,0.8142,0.7813,0.8281,0.8993,0.8837,0.599,0.9375,0.8542,0.875
pbc.arff,0.7871,0.7707,0.6089,0.6822,0.6521,0.7831,0.7062,0.7715,0.7074,0.7772,0.6863,0.6762
pbcseq.arff,0.7827,0.5527,0.7192,0.7148,0.7335,0.653,0.5004,0.7548,0.554,0.7584,0.6714,0.6756
pc1.arff,0.8536,0.4856,0.7122,0.6834,0.5976,0.8125,0.6608,0.6262,0.7431,0.8614,0.5125,0.4995
pc1_req.arff,0.608,0.4909,0.5902,0.5867,0.5091,0.6163,0.5896,0.5787,0.5689,0.5779,0.5489,0.507
pc2.arff,0.8516,0.5805,0.8335,0.506,0.5817,0.7921,0.6101,0.7208,0.4541,0.8201,0.5,0.5
pc3.arff,0.8036,0.4993,0.6433,0.6044,0.566,0.8193,0.7582,0.7534,0.7319,0.8535,0.5,0.5
pc4.arff,0.928,0.4955,0.7491,0.7965,0.7201,0.9148,0.8083,0.8241,0.8717,0.9463,0.6422,0.5578
pendigits.arff,0.9989,0.9836,0.9962,0.9848,0.9865,0.9991,0.995,0.9815,0.9899,0.9997,0.9835,0.9969
pharynx.arff,0.8453,0.8393,0.6118,0.7267,0.7245,0.8776,0.846,0.8386,0.4817,0.8067,0.7984,0.783
plasma_retinol.arff,0.5716,0.5223,0.5476,0.5245,0.5626,0.579,0.5126,0.522,0.5612,0.5895,0.5372,0.5353
pm10.arff,0.558,0.5207,0.5714,0.5545,0.5186,0.4923,0.5082,0.5219,0.5716,0.668,0.4973,0.5066
pol.arff,0.9847,0.92,0.9674,0.9851,0.9755,0.9409,0.8974,0.7677,0.989,0.999,0.8816,0.8821
pollen.arff,0.5065,0.5072,0.4826,0.4988,0.4963,0.4923,0.4956,0.4771,0.4871,0.4893,0.5018,0.4964
pollution.arff,0.8509,0.8649,0.6997,0.7202,0.6769,0.7191,0.8037,0.8704,0.7091,0.9021,0.817,0.8365
postoperative-patient-data.arff,0.2611,0.4621,0.433,0.4525,0.5,0.3401,0.244,0.3801,0.4105,0.4633,0.4766,0.4766
primary-tumor.arff,0.8901,0.8688,0.735,0.7946,0.7386,0.8667,0.8186,0.8862,0.7935,0.8741,0.7801,0.7623
prnn_fglass.arff,0.8264,0.4783,0.7834,0.7511,0.6671,0.7135,0.6349,0.6794,0.7435,0.8919,0.5062,0.4928
prnn_synth.arff,0.9403,0.9318,0.864,0.8257,0.8284,0.9307,0.9165,0.9316,0.8389,0.9237,0.848,0.848
profb.arff,0.641,0.5791,0.4148,0.5665,0.5904,0.7719,0.7034,0.6668,0.5615,0.5421,0.6708,0.6406
puma32H.arff,0.6597,0.8214,0.5584,0.8764,0.895,0.6652,0.6964,0.6659,0.9334,0.9468,0.6339,0.6515
puma8NH.arff,0.832,0.8617,0.7382,0.8716,0.8525,0.8555,0.8712,0.8563,0.8844,0.9077,0.8273,0.8252
pwLinear.arff,0.9161,0.9227,0.8971,0.8663,0.8834,0.9349,0.858,0.7783,0.8293,0.9486,0.8295,0.8341
pyrim.arff,0.9415,0.8252,0.8196,0.8368,0.7918,0.9302,0.949,0.8515,0.7869,0.9284,0.9284,0.8961
quake.arff,0.5209,0.4992,0.5019,0.4992,0.5271,0.5224,0.5411,0.5071,0.5207,0.5236,0.5,0.8257
rabe_131.arff,1,0.9951,0.9113,0.9762,0.9762,0.9491,1,0.9984,1,1,0.9655,0.9655
rabe_148.arff,0.9536,0.9908,0.9559,0.8976,0.9086,0.9651,0.9697,0.9927,0.9417,0.9927,0.9242,0.9394
rabe_166.arff,0.9737,0.9925,0.9737,0.9762,0.9737,1,1,0.9925,0.9499,1,0.9261,0.8496
rabe_176.arff,0.5131,0.6596,0.5714,0.5371,0.618,0.6343,0.6392,0.658,0.5604,0.5637,0.7,0.7
rabe_265.arff,0.7206,0.6992,0.6286,0.5214,0.6714,0.7143,0.6667,0.7167,0.5333,0.669,0.6214,0.5786
rabe_266.arff,0.993,0.9786,0.9705,0.9424,0.9389,0.9894,0.9774,0.9786,0.9435,0.9958,0.9499,0.9586
rabe_97.arff,0.9419,0.9086,0.9229,0.9724,0.9229,0.9524,0.9333,0.9029,0.9381,0.9829,0.8486,0.801
rmftsa_ctoarrivals.arff,0.9871,0.9872,0.939,0.9487,0.9123,0.9885,0.9654,0.9874,0.9674,0.9856,0.937,0.9253
rmftsa_ladata.arff,0.9534,0.8767,0.841,0.8399,0.8858,0.9564,0.9263,0.9172,0.9032,0.9562,0.8862,0.8582
rmftsa_sleepdata.arff,0.7673,0.7637,0.768,0.7788,0.7573,0.7785,0.7606,0.7643,0.7761,0.7831,0.6822,0.69
scene.arff,0.9895,0.4984,0.9157,0.9714,0.8588,0.9307,0.9651,0.776,0.9489,0.952,0.9617,0.9698
schizo.arff,0.7629,0.59,0.5889,0.9131,0.8636,0.6097,0.5908,0.5904,0.898,0.8816,0.5963,0.6063
schlvote.arff,0.7179,0.4714,0.5,0.5982,0.7321,0.7107,0.6786,0.5161,0.6179,0.6839,0.6,0.5
segment.arff,0.9983,0.9634,0.9956,0.9858,0.9904,0.9999,0.9938,0.9803,0.9909,0.9999,0.9922,0.9889
sensory.arff,0.6544,0.644,0.6458,0.7261,0.6547,0.6545,0.6374,0.644,0.699,0.732,0.6111,0.6159
servo.arff,0.9912,0.9629,0.9823,0.9352,0.9388,0.9346,0.961,0.9629,0.963,0.9888,0.9187,0.945
shuttle-landing-control.arff,0.5741,0.2685,0.6111,0.2315,0.2315,0.2778,0.5185,0.7407,0.3333,0.5556,0.4444,0.3889
sick.arff,0.9839,0.5722,0.8102,0.958,0.936,0.9387,0.9086,0.9256,0.9507,0.9966,0.7175,0.5
sleep.arff,0.6343,0.79,0.7247,0.6317,0.6808,0.7064,0.6933,0.7936,0.6473,0.6698,0.7043,0.6829
sleuth_case1102.arff,0.314,0.3895,0.3684,0.4211,0.3842,0.4351,0.3789,0.2351,0.3263,0.3754,0.3105,0.3561
sleuth_case1201.arff,0.9591,0.9856,0.8798,0.9495,0.9159,0.8782,0.9904,0.984,0.4038,0.9712,0.9391,0.9391
sleuth_case1202.arff,0.8777,0.8689,0.7902,0.8285,0.8287,0.8962,0.8445,0.8684,0.816,0.8465,0.7961,0.7646
sleuth_case2002.arff,0.687,0.7013,0.5708,0.5925,0.6439,0.7136,0.5979,0.7009,0.7007,0.6509,0.6675,0.6892
sleuth_ex1221.arff,0.8764,0.7975,0.7357,0.7151,0.7998,0.8078,0.8627,0.7803,0.4291,0.8398,0.8513,0.7986
sleuth_ex1605.arff,0.8195,0.8387,0.7123,0.7508,0.7851,0.8606,0.8377,0.8335,0.8158,0.8658,0.7419,0.7742
sleuth_ex1714.arff,0.9019,0.8926,0.8269,0.8509,0.8796,0.8463,0.8389,0.8944,0.9074,0.9315,0.7509,0.7759
sleuth_ex2015.arff,0.7433,0.7978,0.4916,0.6206,0.633,0.7419,0.7082,0.7978,0.6172,0.6779,0.7609,0.7833
sleuth_ex2016.arff,0.7857,0.8291,0.7467,0.6706,0.6791,0.7534,0.7192,0.8317,0.7394,0.7756,0.7016,0.7452
socmob.arff,0.9837,0.7802,0.9352,0.8954,0.9243,0.9847,0.9034,0.9781,0.9349,0.9843,0.8823,0.8472
solar-flare.arff,0.5592,0.3454,0.6033,0.3454,0.656,0.5122,0.6553,0.8178,0.3454,0.6576,0.4921,0.5
sonar.arff,0.9046,0.8018,0.8657,0.6881,0.7638,0.7119,0.7817,0.7947,0.7069,0.9327,0.7463,0.7817
space_ga.arff,0.863,0.7404,0.7952,0.8345,0.8239,0.904,0.8999,0.8103,0.8482,0.9164,0.824,0.7971
spambase.arff,0.9774,0.6457,0.9092,0.9458,0.9289,0.9715,0.9423,0.8379,0.9557,0.9881,0.9161,0.8881
SPECT.arff,0.8264,0.5217,0.7328,0.759,0.669,0.8033,0.7527,0.8429,0.7293,0.7723,0.7,0.7097
SPECTF.arff,0.9274,0.8315,0.8157,0.8252,0.8102,0.8795,0.8178,0.8488,0.7999,0.9737,0.7555,0.7712
spectrometer.arff,0.9617,0.4747,0.7661,0.8758,0.8911,0.8436,0.8862,0.8921,0.4747,0.989,0.8311,0.8028
splice.arff,0.9828,0.9936,0.8758,0.9686,0.969,0.9728,0.8751,0.9936,0.968,0.994,0.9352,0.9572
sponge.arff,0.6429,0.7179,0.5167,0.5714,0.5571,0.7262,0.9119,0.7595,0.3,0.9167,0.6667,0.6667
squash-stored.arff,0.7744,0.8426,0.8426,0.7069,0.7714,0.7241,0.8801,0.8486,0.4093,0.8381,0.7489,0.7924
squash-unstored.arff,0.875,0.7805,0.7426,0.7046,0.8378,0.5871,0.811,0.7805,0.4196,0.8586,0.6488,0.7083
stock.arff,0.9934,0.8338,0.9642,0.972,0.9665,0.935,0.9021,0.8338,0.9779,0.997,0.8644,0.8546
strikes.arff,0.9994,0.6817,0.9647,0.9989,0.9973,0.7152,0.7197,0.6774,0.9774,0.9989,0.654,0.6264
sylva_agnostic.arff,0.9987,0.9629,0.9098,0.9529,0.974,0.995,0.9868,0.996,0.9835,0.9985,0.9787,0.9842
sylva_prior.arff,0.9988,0.9658,0.9639,0.9637,0.9821,0.998,0.9893,0.996,0.9868,0.9989,0.9829,0.9893
tae.arff,0.7061,0.6391,0.7095,0.7279,0.6123,0.6439,0.6368,0.6367,0.5923,0.793,0.5447,0.9979
tecator.arff,0.9825,0.675,0.9106,0.8839,0.9113,0.913,0.9668,0.6768,0.9076,0.9769,0.9209,0.9352
thyroid_sick.arff,0.9834,0.5722,0.8102,0.958,0.936,0.9387,0.9086,0.9256,0.9507,0.9966,0.7175,0.5
tic-tac-toe.arff,0.9759,0.7476,0.9999,0.8994,0.9696,0.9966,0.9735,0.7476,0.8487,0.9977,0.9759,0.9759
transplant.arff,0.9896,0.9977,0.988,0.994,0.9792,0.9985,0.9995,0.9992,0.9882,0.9995,0.994,0.9688
triazines.arff,0.8595,0.5958,0.6932,0.8218,0.7537,0.7146,0.7057,0.7682,0.7586,0.8424,0.7161,0.7173
tumors_C.arff,0.5562,0.5116,0.5934,0.4127,0.5024,0.6343,0.5598,0.6062,0.4963,0.6142,0.6117,0.6245
vehicle.arff,0.9948,0.863,0.9556,0.9638,0.95,0.9903,0.9844,0.8553,0.9518,0.9988,0.9283,0.8961
vehicle_sensIT.arff,0.9135,0.8076,0.7397,0.8163,0.8882,0.9145,0.8864,0.8124,0.8968,0.9192,0.8487,0.8521
veteran.arff,0.7478,0.7281,0.6032,0.6361,0.6011,0.7387,0.6648,0.7204,0.5877,0.7453,0.6484,0.6169
vineyard.arff,0.875,0.8646,0.744,0.7946,0.8274,0.8497,0.7664,0.8646,0.744,0.9107,0.8452,0.8244
vinnie.arff,0.917,0.8626,0.8939,0.8094,0.828,0.9266,0.9199,0.9274,0.8464,0.902,0.8363,0.8282
visualizing_environmental.arff,0.7463,0.7306,0.6075,0.6537,0.6552,0.7365,0.7306,0.731,0.702,0.7269,0.7004,0.7012
visualizing_ethanol.arff,0.5426,0.4889,0.462,0.3873,0.4447,0.5669,0.5111,0.5499,0.4341,0.5835,0.5124,0.5129
visualizing_galaxy.arff,0.9876,0.9883,0.937,0.9713,0.9603,0.9949,0.9912,0.9885,0.9453,0.9866,0.9587,0.9267
visualizing_hamster.arff,0.6871,0.3636,0.5917,0.5754,0.567,0.5576,0.4932,0.4439,0.611,0.7265,0.5068,0.4875
visualizing_livestock.arff,0.8291,0.8248,0.7899,0.6903,0.7663,0.7638,0.7676,0.8248,0.7232,0.5985,0.8333,0.7924
visualizing_slope.arff,0.9423,0.9673,0.8932,0.8704,0.8508,0.9793,0.9717,0.9695,0.8856,0.9695,0.9521,0.8344
vote.arff,0.9883,0.9547,0.963,0.9719,0.9476,0.9851,0.9601,0.9723,0.9765,0.9928,0.9612,0.9634
water-treatment.arff,0.9916,0.8491,0.5479,0.9886,0.975,0.563,0.5031,0.7254,0.4977,0.7065,0.5205,0.5223
waveform-5000.arff,0.9495,0.9558,0.7745,0.8196,0.8881,0.9708,0.9012,0.9558,0.9067,0.9669,0.8554,0.9309
webdata_wXa.arff,0.8866,0.6426,0.7669,0.8285,0.7373,0.8913,0.8031,0.8822,0.8658,0.8303,0.7315,0.7429
white-clover.arff,0.8011,0.7474,0.7042,0.66,0.5758,0.7289,0.79,0.7505,0.6111,0.8253,0.7416,0.7284
wind.arff,0.9353,0.8661,0.8163,0.8492,0.8748,0.9347,0.9259,0.8868,0.9038,0.9398,0.8527,0.853
wind_correlations.arff,0.9042,0.9229,0.7757,0.83,0.8972,0.9308,0.9743,0.9229,0.8854,0.9565,0.8666,0.8883
wisconsin.arff,0.5761,0.613,0.5037,0.569,0.5279,0.6166,0.6061,0.6011,0.5637,0.5979,0.6128,0.6247
witmer_census_1980.arff,0.7548,0.7196,0.641,0.649,0.5962,0.7981,0.7997,0.7115,0.4038,0.7212,0.7596,0.7596
yeast_ml8.arff,0.8945,0.4643,0.5534,0.7804,0.5108,0.6005,0.7673,0.7787,0.5164,0.8301,0.5134,0.5
zoo.arff,1,1,1,1,1,1,1,1,0.489,1,0.9878,1
