name,AB_CBF,HT_CBF,Ibk_CBF,J48_CBF,Jrip_CBF,Log_CBF,MLP_CBF,NB_CBF,REP_CBF,RF_CBF,SGD_CBF,SVM_CBF
2dplanes.arff,0.9191289,0.9831467,0.9553286,0.9792207,0.9458334,0.9177793,0.8837044,0.7195182,0.9820652,0.978156,0.8353035,0.8360476
abalone.arff,0.8255276,0.7391045,0.7205931,0.8054928,0.8083612,0.873881,0.8703667,0.8214999,0.8369987,0.8670389,0.784793,0.7740797
ada_prior.arff,0.8547692,0.760873,0.6938827,0.8196916,0.7433299,0.8882084,0.8530323,0.8827954,0.8398204,0.8764639,0.7590853,0.7431175
adult.arff,0.8591324,0.8878542,0.7225224,0.8755087,0.7441978,0.911535,0.8561519,0.9018806,0.8797686,0.8748828,0.7686008,0.7641699
adult-census.arff,0.872693,0.8553151,0.7120459,0.8914162,0.7489234,0.9048528,0.870551,0.8921231,0.875552,0.9042359,0.7563949,0.753485
ailerons.arff,0.9299388,0.8700704,0.8262653,0.8768882,0.8855629,0.951893,0.9519527,0.8460188,0.9268065,0.9506255,0.8706045,0.8744035
analcatdata_apnea1.arff,0.8983352,0.9149439,0.8494144,0.912616,0.852773,0.9168507,0.9104627,0.9149439,0.9126354,0.9254743,0.8675087,0.8675087
analcatdata_apnea2.arff,0.941986,0.9458769,0.8187185,0.9257937,0.909853,0.9502808,0.9318429,0.9458769,0.9295684,0.9622483,0.9316784,0.9316784
analcatdata_apnea3.arff,0.9017264,0.9183632,0.8175042,0.8910277,0.787124,0.9335469,0.9018888,0.9183632,0.9122542,0.944376,0.8966667,0.8966667
analcatdata_asbestos.arff,0.8660417,0.8566667,0.7775,0.7641666,0.7616666,0.8454167,0.8629167,0.8566667,0.8293749,0.8191666,0.7716666,0.7641666
analcatdata_authorship.arff,0.9964878,0.9972338,0.9939582,0.9533199,0.9658749,0.9998798,0.9998798,0.9971744,0.9553814,0.9998498,0.9920673,0.995553
analcatdata_bankruptcy.arff,0.9333334,0.8999999,0.8749998,0.8583333,0.8249999,0.9,0.95,0.8999999,0.5,0.9333333,0.8833332,0.8499999
analcatdata_birthday.arff,0.9236424,0.9022648,0.8103462,0.7211997,0.7534811,0.7662097,0.9157997,0.9209072,0.6109476,0.8969289,0.7097178,0.6295062
analcatdata_bondrate.arff,0.5472222,0.5555556,0.4833332,0.6451388,0.5625,0.4729167,0.6319444,0.5666666,0.5,0.6000001,0.6333333,0.6333334
analcatdata_boxing1.arff,0.7977232,0.9016071,0.8483928,0.8783482,0.7493304,0.8472321,0.8950893,0.9016071,0.8356696,0.9075,0.8219643,0.7903571
analcatdata_boxing2.arff,0.7887755,0.8410714,0.7899021,0.8428996,0.8038691,0.8407737,0.8128401,0.8410714,0.8497449,0.8526785,0.791369,0.8294642
analcatdata_broadway.arff,1,1,0.7916667,1,0.975,1,1,1,1,1,1,1
analcatdata_broadwaymult.arff,0.8190257,0.8096647,0.3840226,0.7851576,0.7585939,0.4496464,0.8578933,0.8101856,0.5,0.6089461,0.7690173,0.7719474
analcatdata_creditscore.arff,0.9928571,0.9904762,0.7017857,0.9928571,0.9928571,0.9904762,0.9095239,0.9794643,0.9803571,0.9904762,0.6619047,0.6119047
analcatdata_cyyoung8092.arff,0.8346725,0.5375,0.5708331,0.6930059,0.7133927,0.8324405,0.753869,0.8056549,0.5784226,0.8208333,0.6919643,0.5755952
analcatdata_cyyoung9302.arff,0.8763393,0.5,0.6633928,0.7294643,0.6758928,0.8714285,0.9035714,0.9102678,0.6633929,0.8214286,0.8187499,0.7651785
analcatdata_dmft.arff,0.5500325,0.5,0.4810247,0.5,0.5,0.5459572,0.5550932,0.5527931,0.5042188,0.4582294,0.5,0.5
analcatdata_draft.arff,0.6053403,0.5340909,0.5377449,0.5,0.4970588,0.5712567,0.5022875,0.5985295,0.5379679,0.5688206,0.5,0.5
analcatdata_election2000.arff,0.99,1,0.955,0.885,0.94,0.965,0.99,0.99,0.765,1,0.895,0.85
analcatdata_gsssexsurvey.arff,0.5728097,0.5,0.5461538,0.5280181,0.4804486,0.6067842,0.6000535,0.5532052,0.5,0.5650107,0.5544871,0.5294871
analcatdata_gviolence.arff,0.9766666,0.9833333,0.9483333,0.9775,0.9775,1,1,0.975,0.64,0.9916667,0.9875,0.9875
analcatdata_halloffame.arff,0.9452517,0.5,0.7689806,0.7659626,0.8132746,0.9638184,0.9340754,0.9490933,0.5,0.9577969,0.8035368,0.7910402
analcatdata_japansolvent.arff,0.8777779,0.925,0.8249999,0.6916666,0.7499998,0.8166667,0.8944445,0.925,0.5,0.8722223,0.7166665,0.8416666
analcatdata_lawsuit.arff,0.9896666,0.9855834,0.8198333,0.9198751,0.9709167,0.9979167,0.9958334,0.9875834,0.96275,0.9709583,0.8229167,0.55
analcatdata_marketing.arff,0.5577804,0.5,0.5331818,0.4918031,0.5168258,0.5138699,0.5053498,0.5193068,0.5067727,0.5450996,0.4851591,0.5171591
analcatdata_michiganacc.arff,0.8383332,0.8050001,0.6625001,0.6408335,0.7041667,0.8033332,0.8091667,0.8016668,0.6079168,0.775,0.7383334,0.745
analcatdata_neavote.arff,0.4277779,0.3611111,0.5,0.35,0.35,0.4777778,0.3444445,0.4722223,0.35,0.4888888,0.35,0.35
analcatdata_negotiation.arff,0.9432539,0.9674603,0.7726189,0.8511904,0.8654761,0.9746032,0.9666666,0.9603175,0.8392857,0.9119047,0.8297618,0.7797618
analcatdata_olympic2000.arff,1,0.9666667,0.8708332,0.9833333,1,0.95,0.938889,0.9666667,1,1,0.8999999,0.9041666
analcatdata_reviewer.arff,0.6433677,0.6602292,0.622504,0.5727918,0.6170941,0.657937,0.6409266,0.6735815,0.5,0.6494347,0.6011252,0.5998973
analcatdata_runshoes.arff,0.7416668,0.8375001,0.525,0.7388889,0.8083333,0.8541667,0.825,0.8250001,0.6590277,0.8819445,0.7083333,0.6583333
analcatdata_seropositive.arff,0.9802777,0.9597222,0.9656944,0.9261111,0.9047222,0.9683333,0.9572222,0.9575,0.89875,0.9883333,0.9494444,0.9494444
analcatdata_supreme.arff,0.9982442,0.9867157,0.9971363,0.9854205,0.9870116,0.9940097,0.9924727,0.9853547,0.9899954,0.9979972,0.9841502,0.9832637
analcatdata_uktrainacc.arff,0.35,0.3,0.2,0.325,0.35,0.3666667,0.3166667,0.225,0.2,0.3333333,0.225,0.25
analcatdata_vehicle.arff,0.8875,0.9,0.9333334,0.8416666,0.7833333,0.825,0.8916666,0.9,0.8416666,0.9666667,0.7666666,0.8416666
analcatdata_vineyard.arff,0.8096474,0.8718772,0.8559066,0.8976649,0.8658194,0.8373443,0.7618727,0.8819321,0.9031777,0.9466438,0.7492951,0.7487456
analcatdata_wildcat.arff,0.7999621,0.8035986,0.7082008,0.7700568,0.6526706,0.8287501,0.8342804,0.8033334,0.7533334,0.8413257,0.7107575,0.6353029
anneal.arff,0.9791046,0.5143832,0.9071982,0.9562914,0.9382755,0.9247215,0.9809051,0.8692947,0.9369805,0.9855961,0.8485146,0.8236312
AP_Breast_Kidney.arff,0.9911927,0.972411,0.9614673,0.9389123,0.9662442,0.985155,0.7712782,0.9744051,0.957634,0.9920524,0.9787749,0.9792274
AP_Breast_Omentum.arff,0.9762897,0.9411975,0.8980987,0.9189953,0.910754,0.8923019,0.7783688,0.9426681,0.9032578,0.9805373,0.9380882,0.9395168
AP_Breast_Prostate.arff,0.9852942,0.9797898,0.9785714,0.982815,0.9842436,0.9963026,0.92512,0.982647,0.9784452,0.9987395,0.9857143,0.9828572
AP_Colon_Kidney.arff,0.9976435,0.970898,0.977932,0.9555324,0.9643898,0.9810345,0.7857498,0.9674497,0.9592413,0.9974469,0.9783914,0.9834264
AP_Colon_Omentum.arff,0.9752771,0.9266934,0.886207,0.8243458,0.8914101,0.8639162,0.6451815,0.9266934,0.8882236,0.9772706,0.9004927,0.9100679
AP_Colon_Ovary.arff,0.977505,0.9260346,0.9030335,0.9048763,0.9379054,0.9203508,0.6915768,0.9285346,0.9285607,0.9766616,0.9292489,0.9218513
AP_Colon_Prostate.arff,0.9979944,0.980542,0.9632183,0.9703613,0.9636904,0.9685081,0.753721,0.9823277,0.9507184,0.9984225,0.977032,0.9698275
AP_Endometrium_Breast.arff,0.9894118,0.9488655,0.9421709,0.9120027,0.9119678,0.9907702,0.7967366,0.950294,0.8924929,0.9914356,0.9593978,0.962297
AP_Endometrium_Lung.arff,0.979136,0.9613553,0.9729851,0.8593253,0.9519232,0.9724128,0.7982448,0.9684981,0.8884158,0.9865766,0.9450092,0.9488554
AP_Endometrium_Prostate.arff,0.9928571,0.9928571,0.9916667,0.9845238,0.9761905,1,0.7071429,0.9928571,0.9857142,1,0.9928571,1
AP_Lung_Uterus.arff,0.9753207,0.9435896,0.9073717,0.9035256,0.9173077,0.8980769,0.7971155,0.9439102,0.9413459,0.9852563,0.9157052,0.9233974
AP_Omentum_Kidney.arff,0.9935439,0.9826922,0.9644916,0.9305973,0.9420673,0.9786057,0.6249314,0.9807691,0.939423,0.9956043,0.9707416,0.9759614
AP_Omentum_Lung.arff,0.9679488,0.9265566,0.8986033,0.8492787,0.899874,0.9402129,0.7355656,0.9239925,0.8791208,0.9849588,0.9063642,0.9173532
AP_Omentum_Ovary.arff,0.8639498,0.7066965,0.6862876,0.6643186,0.7125588,0.6796452,0.626875,0.7079111,0.7057707,0.8303077,0.6709116,0.6810431
AP_Omentum_Uterus.arff,0.9367503,0.8870877,0.8296016,0.8091002,0.8141253,0.9113552,0.7945055,0.8832702,0.8250344,0.9684008,0.9128662,0.9090199
AP_Ovary_Uterus.arff,0.9373954,0.8413259,0.7754115,0.791245,0.7919882,0.8896532,0.701626,0.843232,0.8321956,0.9565781,0.877807,0.880759
AP_Prostate_Kidney.arff,0.9989011,0.9647434,0.9735347,0.9768314,0.9768315,0.9918498,0.7575091,0.9685896,0.9806777,0.9988095,0.9768314,0.9878205
AP_Prostate_Uterus.arff,0.9928571,0.9890109,0.9958333,0.970238,0.981868,0.9581501,0.9348901,0.9890109,0.9890109,1,0.9768314,0.9747252
AP_Uterus_Kidney.arff,0.9952662,0.9705127,0.9621795,0.9638067,0.9395339,0.9804364,0.8260355,0.9705127,0.9509367,0.9947485,0.9903845,0.9785256
ar1.arff,0.6276515,0.45,0.6750001,0.5863636,0.4818182,0.456818,0.609091,0.6,0.45,0.7280305,0.4454545,0.4454545
ar4.arff,0.867361,0.6472222,0.6027776,0.6645834,0.6805555,0.6756945,0.8166666,0.8,0.5638889,0.80625,0.6576388,0.6388888
ar5.arff,0.6666666,0.6166667,0.5666666,0.6333333,0.65,0.6,0.7333334,0.7333334,0.5,0.7,0.6666666,0.6166666
ar6.arff,0.5538195,0.4996528,0.6545139,0.5114583,0.4652777,0.7152779,0.7388888,0.6638889,0.5444444,0.6513889,0.675,0.575
arsenic-female-bladder.arff,0.7824135,0.8198361,0.6404919,0.5,0.5427083,0.8052028,0.7970136,0.8603419,0.698795,0.7809039,0.5666666,0.5666666
arsenic-female-lung.arff,0.938426,0.8231482,0.8953705,0.5,0.825,0.862963,0.8796296,0.8680557,0.8930555,0.8958333,0.85,0.85
arsenic-male-bladder.arff,0.8989431,0.8447066,0.7934312,0.5,0.7416666,0.8166317,0.8697763,0.8663085,0.838854,0.8944182,0.7583333,0.7583333
arsenic-male-lung.arff,0.95,1,1,0.5,0.95,1,1,1,0.925,1,1,1
audiology.arff,0.9818995,0.4882352,0.9625489,0.9768627,0.9532353,0.8870526,0.985098,0.9679779,0.9750979,0.992549,0.9459927,0.9378432
Australian.arff,0.9195898,0.8547351,0.8027892,0.8760252,0.8717798,0.9325723,0.9283735,0.8210811,0.8924029,0.9302218,0.8591045,0.8620608
auto_price.arff,1,0.9946969,0.9265152,0.9469697,0.9539394,0.9581818,0.9981818,0.9946969,0.9619696,0.9981818,0.9716667,0.9437878
auto93.arff,0.92125,0.8402777,0.7858335,0.7998611,0.7441668,0.8016666,0.8891666,0.8494444,0.6354166,0.8949999,0.7691667,0.7691666
autoHorse.arff,0.9850693,0.9477475,0.8989315,0.9141025,0.9569177,0.9494657,0.9895477,0.9525729,0.9135105,0.9952546,0.9593483,0.9461538
autoMpg.arff,0.9616932,0.968627,0.8964912,0.9190017,0.8971024,0.965039,0.9692578,0.969003,0.9311054,0.9789055,0.8941793,0.8771304
autoPrice.arff,1,0.9946969,0.9456061,0.9469697,0.9639394,0.9562575,0.9981818,0.9965151,0.9619696,1,0.9516667,0.9433333
autos.arff,0.8335949,0.7693485,0.8625458,0.9180074,0.7371861,0.8381934,0.9112637,0.7964677,0.8873038,0.9703558,0.8375457,0.8113553
backache.arff,0.6833682,0.5,0.6035417,0.542257,0.5225,0.5480209,0.6477778,0.699375,0.5573264,0.6894444,0.57875,0.5575
badges2.arff,1,1,1,1,1,0.997619,1,1,1,1,1,1
balance-scale.arff,0.9713464,0.9941552,0.9808047,0.8263222,0.8802463,0.9820208,0.9813948,0.9941552,0.89381,0.9754773,0.9496125,0.9024505
balloon.arff,0.9723264,0.9552082,0.9875381,0.9886493,0.9804631,0.9749446,0.9749321,0.888077,0.9890427,0.999531,0.8784228,0.8054255
bank32nh.arff,0.8386804,0.804421,0.5452227,0.6872893,0.7563596,0.8901661,0.8854698,0.8640207,0.8242709,0.8807029,0.7659711,0.7570845
bank8FM.arff,0.962271,0.976544,0.7290223,0.9422933,0.9390889,0.9892162,0.9885128,0.9740329,0.9686895,0.9883982,0.9389851,0.9367421
baskball.arff,0.793,0.739,0.61,0.657,0.7225,0.802,0.713,0.738,0.6575,0.7665,0.7125,0.7025
biomed.arff,0.9375392,0.9514325,0.8581043,0.8914738,0.8406594,0.9309655,0.9312795,0.9513736,0.8865778,0.9495292,0.8301509,0.852129
bodyfat.arff,0.9961538,0.9193785,0.8621794,0.9961538,0.9961538,0.9892505,0.995069,0.9073965,0.9961538,0.9990385,0.9528846,0.9413461
bolts.arff,0.9875,0.95,0.7666666,0.8916666,0.9,0.925,0.9,0.9166667,0.875,0.95,0.8666666,0.7916666
boston.arff,0.9183369,0.8511259,0.8092447,0.8779351,0.8517255,0.9297548,0.9294548,0.8683505,0.8788109,0.9505304,0.8641255,0.8530542
boston_corrected.arff,0.9216086,0.8222341,0.8046635,0.8346452,0.857739,0.8990713,0.9404844,0.9124187,0.8946434,0.9404687,0.8647344,0.8661488
breast-cancer.arff,0.7157541,0.6443155,0.63123,0.6280556,0.6006896,0.66625,0.6941468,0.7154267,0.6088988,0.6516469,0.5982738,0.5927183
breastTumor.arff,0.9890323,0.9879237,0.9742131,0.9484682,0.9623411,0.9929952,0.9926451,0.9879116,0.9587753,0.9883836,0.9652138,0.9663007
breast-w.arff,0.6378983,0.6448531,0.4609222,0.5590074,0.5860294,0.6418506,0.6502757,0.6745406,0.6014705,0.5075979,0.5968137,0.6351103
bridges.arff,0.908631,0.9284524,0.7786905,0.7442262,0.8361906,0.8839286,0.9373809,0.9351191,0.5,0.8253572,0.8072618,0.7822618
cal_housing.arff,0.880069,0.8152563,0.8171711,0.9086027,0.8704273,0.9181304,0.9173027,0.8388281,0.9225397,0.9599335,0.8350629,0.8281854
car.arff,0.8966941,0.9898118,0.9997763,0.9819023,0.9599069,0.9913042,0.9864244,0.9898118,0.985853,0.9984303,0.9474573,0.9404106
cars.arff,0.9437896,0.5856686,0.8655191,0.8757167,0.8793052,0.7263871,0.8581924,0.896104,0.7738173,0.9736904,0.8881955,0.8876058
chatfield_4.arff,0.9462566,0.9390475,0.8160317,0.9145501,0.9131745,0.9683862,0.9633068,0.9390474,0.8783331,0.9612037,0.8821427,0.8479365
cholesterol.arff,0.5701377,0.5768908,0.5067852,0.5609668,0.5689429,0.6081124,0.6299927,0.5886736,0.4848376,0.5094366,0.5592518,0.5648957
chscase_adopt.arff,0.7333334,0.75,0.7166666,0.7249999,0.7416666,0.8,0.8333334,0.75,0.5,0.7500001,0.5333333,0.5083333
chscase_census2.arff,0.4918593,0.5067318,0.5425439,0.4823599,0.4956153,0.5045827,0.5376209,0.4845351,0.5181227,0.5438396,0.4797055,0.4909587
chscase_census3.arff,0.4555426,0.4788384,0.4968796,0.5,0.4742043,0.4970237,0.543586,0.476701,0.4812069,0.4197118,0.4860087,0.4995176
chscase_census5.arff,0.5186417,0.4677945,0.5243045,0.5,0.4907328,0.4570615,0.4377851,0.4597902,0.5061542,0.4849316,0.4900061,0.4869737
chscase_census6.arff,0.4476919,0.4740079,0.5000345,0.5,0.5091302,0.4539376,0.4419317,0.4600577,0.5048727,0.4786578,0.4979167,0.5
chscase_funds.arff,0.6600771,0.6658641,0.5866666,0.6552469,0.6431945,0.6941665,0.6637654,0.6669753,0.5,0.6631636,0.6375001,0.6344444
chscase_geyser1.arff,0.9274724,0.7554487,0.7996833,0.8565781,0.8651251,0.924504,0.9301664,0.9201389,0.8582875,0.8696772,0.8853632,0.8686965
chscase_health.arff,0.6333334,0.7666666,0.6583333,0.6333333,0.5,0.8,0.75,0.7666666,0.5,0.7083334,0.6749999,0.6583333
chscase_vine1.arff,0.9,0.7944446,0.7749999,0.775,0.8166666,0.8611111,0.8833334,0.7944446,0.7333333,0.9083333,0.7916665,0.8416665
chscase_vine2.arff,0.8260916,0.7990629,0.9002802,0.9091971,0.8756437,0.5030071,0.5199992,0.7996284,0.9060226,0.9434913,0.5,0.5208791
chscase_whale.arff,1,0.9867423,0.9867423,1,0.9867423,1,1,0.9901515,0.9867423,1,1,0.9867423
cleveland.arff,0.8976447,0.9008101,0.7537997,0.7724911,0.7964762,0.8963053,0.881866,0.9038744,0.8074508,0.8953094,0.819251,0.8272603
cmc.arff,0.7301953,0.6913458,0.5991527,0.7004593,0.705725,0.7058407,0.6913487,0.6969241,0.7205655,0.7277624,0.6458115,0.6369015
colic.arff,0.8695492,0.8322942,0.7965033,0.8492942,0.8394579,0.8400762,0.8706484,0.8498647,0.8608327,0.9111623,0.7813894,0.8105102
colleges_aaup.arff,0.9982662,0.9872587,0.8759437,0.9868077,0.972328,0.9707243,0.9580305,0.9899086,0.5,0.9984046,0.9622533,0.9508246
colleges_usnews.arff,0.789473,0.7779364,0.6052793,0.7091521,0.7110504,0.6790059,0.7993593,0.8048234,0.5007831,0.8095886,0.7172832,0.7286204
collins.arff,1,1,1,0.9925595,1,1,0.9654762,0.9806547,1,1,1,1
cpu.arff,0.99875,0.9904167,0.9109445,0.9652083,0.9322917,0.9715556,0.9988889,0.9918056,0.9097917,0.9988889,0.9720833,0.92375
cpu_act.arff,0.9387504,0.8626148,0.8906711,0.9157875,0.9102302,0.9799116,0.9686399,0.9565752,0.9515677,0.9825588,0.9129342,0.8990172
cpu_small.arff,0.9328224,0.8465472,0.8756024,0.913047,0.8891227,0.9678857,0.9608316,0.9491357,0.940957,0.9759432,0.8848115,0.876739
credit-a.arff,0.9319922,0.8620073,0.8082557,0.893571,0.8703587,0.9051674,0.9110521,0.8959178,0.8835077,0.9257687,0.8591661,0.8565345
credit-g.arff,0.7247381,0.7859999,0.66,0.6464285,0.6161429,0.7864047,0.7455952,0.7877143,0.725,0.7878572,0.6907143,0.6707142
cylinder-bands.arff,0.8000939,0.5378061,0.7219769,0.5,0.6359387,0.8539612,0.7307252,0.8138937,0.5681944,0.8974087,0.8096503,0.803179
datatrieve.arff,0.7219698,0.5,0.5583332,0.475,0.5662878,0.8204546,0.825,0.7727272,0.4833333,0.6871211,0.5,0.5
delta_ailerons.arff,0.9637451,0.9400539,0.913614,0.9489791,0.9479831,0.9719138,0.9700495,0.9656838,0.9615131,0.978568,0.9377988,0.9389888
delta_elevators.arff,0.934898,0.9068116,0.82836,0.904599,0.8955122,0.9425255,0.9422746,0.934749,0.925347,0.9412717,0.8801121,0.8805617
diabetes.arff,0.804671,0.8170598,0.6614586,0.7491454,0.7051666,0.8344958,0.8315299,0.8206495,0.7567308,0.8177436,0.7290541,0.718943
diabetes_numeric.arff,0.6875,0.7083334,0.4833332,0.5208333,0.6333333,0.6499999,0.7750001,0.7083334,0.5833333,0.6333334,0.5416666,0.5166666
diggle_table_a1.arff,0.7250001,0.7666668,0.6833333,0.5375,0.4916668,0.75,0.7416667,0.7666668,0.5458334,0.7833334,0.6583333,0.6999999
diggle_table_a2.arff,1,0.9657073,0.9845098,0.9966667,0.9966667,0.9941316,0.9991666,0.9661239,0.9970588,1,0.9758946,0.9141947
disclosure_x_bias.arff,0.5076472,0.541262,0.5000151,0.4910846,0.513413,0.5762299,0.5884316,0.5696693,0.5222841,0.5004551,0.5704676,0.5526184
disclosure_x_noise.arff,0.5281684,0.5423633,0.5075422,0.5015598,0.5140469,0.5556477,0.5484596,0.5486401,0.4938631,0.4852558,0.5523564,0.5498749
disclosure_x_tampered.arff,0.5279519,0.5161496,0.5062917,0.4939394,0.5508523,0.5521332,0.5479574,0.5476179,0.4785291,0.4785598,0.5519608,0.5470031
disclosure_z.arff,0.5011357,0.5730187,0.5356854,0.5,0.5586492,0.5764394,0.5829346,0.576879,0.5348297,0.5166515,0.5632189,0.5468312
echoMonths.arff,0.7773811,0.8166667,0.682143,0.8071428,0.7928571,0.7880953,0.7952382,0.8166666,0.8238095,0.8309523,0.7952381,0.7952381
ecoli.arff,0.9874812,0.9802004,0.9427944,0.9626505,0.9642951,0.987995,0.9865538,0.9872619,0.9471805,0.9870803,0.9637594,0.9621993
electricity.arff,0.8283764,0.8315237,0.7903917,0.9284003,0.863036,0.8273975,0.8161543,0.7898398,0.9304488,0.9774825,0.740639,0.7349498
elevators.arff,0.8224055,0.8006375,0.742625,0.8233876,0.7833013,0.9432004,0.9405433,0.7992241,0.8466352,0.9171318,0.8500175,0.8202991
elusage.arff,0.9555555,0.9555555,0.9138888,0.9083333,0.9333332,0.9388888,0.9388888,0.9555555,0.9055555,0.9527777,0.8666666,0.8916666
fl2000.arff,0.81875,0.7416667,0.7566667,0.7270833,0.7208334,0.8374999,0.875,0.7125001,0.8,0.85,0.6791667,0.6166667
flags.arff,0.7485806,0.7536632,0.6766942,0.6590203,0.6706045,0.7690019,0.839011,0.7953299,0.5,0.7986264,0.7217033,0.7130954
fri_c0_100_10.arff,0.83825,0.9463333,0.7108333,0.7206667,0.6925834,0.9228334,0.8979999,0.9503333,0.8404167,0.9346666,0.8041668,0.8125001
fri_c0_100_25.arff,0.82,0.82,0.61,0.688,0.742,0.81,0.824,0.82,0.688,0.826,0.69,0.76
fri_c0_100_5.arff,0.9000833,0.9471666,0.8575001,0.7785,0.7519167,0.8904999,0.9021667,0.9513333,0.671,0.9023333,0.8275,0.8358334
fri_c0_100_50.arff,0.7918333,0.8078333,0.655,0.6384167,0.6266667,0.6308333,0.7676667,0.8158333,0.61825,0.7931667,0.6708333,0.6725
fri_c0_1000_10.arff,0.9014633,0.9395576,0.7353845,0.8322407,0.8530474,0.913008,0.9094865,0.9394977,0.8835782,0.9481014,0.8346607,0.8418232
fri_c0_1000_25.arff,0.9162296,0.9331924,0.6559324,0.7993952,0.8506373,0.8993081,0.8939275,0.9341524,0.8647243,0.9381729,0.8228599,0.8188992
fri_c0_1000_5.arff,0.9092463,0.9505521,0.8519824,0.8636413,0.8399563,0.9200286,0.9190284,0.9505122,0.8807268,0.9619157,0.8480192,0.8510396
fri_c0_1000_50.arff,0.8959583,0.9091637,0.6369549,0.7946779,0.8332134,0.8925172,0.8865145,0.9190077,0.867787,0.930212,0.8304122,0.8191477
fri_c0_250_10.arff,0.8971154,0.9051283,0.7150641,0.825,0.8137819,0.8903845,0.8576923,0.9185898,0.826923,0.9307691,0.7801281,0.7926281
fri_c0_250_25.arff,0.8759616,0.8080128,0.6282051,0.7689102,0.7794873,0.8788461,0.8628206,0.9102563,0.7974358,0.9272435,0.7923076,0.8044872
fri_c0_250_5.arff,0.873718,0.8826924,0.8044873,0.8448717,0.7932694,0.8807692,0.8833334,0.925,0.8169871,0.9294872,0.8121795,0.7967949
fri_c0_250_50.arff,0.8630452,0.8565934,0.5652098,0.7558857,0.7072261,0.8642359,0.8475774,0.8565934,0.7588702,0.853688,0.7789168,0.7513071
fri_c0_500_10.arff,0.9059521,0.9253295,0.7572499,0.7971563,0.8392967,0.9134723,0.9065847,0.929176,0.8515594,0.9402348,0.8229425,0.820859
fri_c0_500_25.arff,0.9136264,0.9012054,0.6136666,0.7729703,0.7996359,0.8784808,0.8859218,0.9157896,0.8017125,0.9311654,0.7765577,0.7771923
fri_c0_500_5.arff,0.908396,0.9286341,0.8059038,0.8385506,0.8224651,0.9089482,0.9038292,0.9286341,0.8429451,0.9481542,0.8239808,0.8279808
fri_c0_500_50.arff,0.9281777,0.9031778,0.6063334,0.766739,0.799824,0.895901,0.8481725,0.9056572,0.8404276,0.9259225,0.8142115,0.8082243
fri_c1_100_10.arff,0.7414167,0.7088333,0.6125001,0.748,0.7646667,0.694,0.6973333,0.7088333,0.7290834,0.88525,0.6200001,0.6483334
fri_c1_100_25.arff,0.7990834,0.7523333,0.6283333,0.76825,0.7870001,0.7291666,0.7123333,0.7483333,0.75875,0.8782501,0.6483334,0.6741667
fri_c1_100_5.arff,0.83475,0.816,0.7108334,0.7956666,0.7654166,0.6941667,0.702,0.812,0.7481667,0.9021666,0.6416667,0.6091667
fri_c1_100_50.arff,0.7546667,0.5083333,0.5441667,0.7064167,0.6651666,0.5454167,0.5996667,0.5213334,0.6755834,0.6905,0.58,0.5883334
fri_c1_1000_10.arff,0.8928669,0.7528588,0.7036022,0.8808972,0.8869328,0.7471942,0.6863492,0.7522465,0.8997985,0.9746327,0.6720407,0.6745056
fri_c1_1000_25.arff,0.8881141,0.7090156,0.593665,0.8489769,0.8626475,0.7117538,0.6632073,0.7102238,0.8857702,0.9652295,0.6339789,0.6412318
fri_c1_1000_5.arff,0.8632003,0.7227053,0.8702254,0.8934079,0.8976062,0.7035977,0.7019098,0.7226253,0.8986065,0.9793672,0.6224272,0.6226556
fri_c1_1000_50.arff,0.8970583,0.7302001,0.5739468,0.8593581,0.8554844,0.7161445,0.6955955,0.7393963,0.8902002,0.941583,0.6500505,0.6656705
fri_c1_250_10.arff,0.9025973,0.7428572,0.6951299,0.8610389,0.834091,0.7435065,0.7246752,0.7428572,0.845779,0.9623377,0.6857143,0.6967532
fri_c1_250_25.arff,0.8425931,0.6605714,0.5660605,0.8887186,0.8428484,0.6300173,0.608013,0.6599221,0.8349177,0.9489956,0.5501947,0.5671861
fri_c1_250_5.arff,0.9406386,0.7604812,0.8434398,0.8533008,0.8822803,0.7431401,0.6931651,0.7611222,0.8707959,0.9768731,0.6739553,0.6784425
fri_c1_250_50.arff,0.9364801,0.7547204,0.586526,0.8640069,0.816342,0.7003746,0.6528554,0.7547203,0.8662045,0.9355603,0.5986098,0.6156635
fri_c1_500_10.arff,0.9019166,0.7286242,0.697315,0.8809396,0.8574036,0.7281607,0.7078331,0.7331318,0.8883582,0.9698344,0.6604498,0.6646031
fri_c1_500_25.arff,0.8971642,0.7405463,0.5896848,0.7895163,0.8333884,0.7204596,0.7053358,0.7408676,0.855131,0.9454183,0.653066,0.6756418
fri_c1_500_5.arff,0.8869177,0.735772,0.82969,0.8769389,0.8860505,0.7284226,0.700905,0.7348074,0.8834317,0.9555648,0.6888781,0.6962515
fri_c1_500_50.arff,0.8814326,0.6691642,0.559713,0.8083769,0.8484565,0.6648403,0.6566601,0.6694871,0.878801,0.9039532,0.602781,0.6213854
fri_c2_100_10.arff,0.8295833,0.7853333,0.6241667,0.7258333,0.7514999,0.7765,0.8061667,0.7853333,0.74525,0.9028333,0.7025,0.7083334
fri_c2_100_25.arff,0.8096665,0.8021666,0.5424999,0.7621666,0.8144167,0.6628334,0.7076666,0.8021666,0.7696667,0.9136667,0.7016666,0.7225
fri_c2_100_5.arff,0.8208333,0.7499999,0.7791666,0.7562499,0.75,0.7083332,0.7375001,0.7499999,0.7333332,0.8979167,0.7583335,0.7500001
fri_c2_100_50.arff,0.88575,0.7803332,0.6158333,0.81325,0.8208334,0.6080833,0.664,0.7844999,0.7966667,0.9354166,0.6291667,0.5983333
fri_c2_1000_10.arff,0.9135057,0.7437191,0.7434729,0.8965927,0.9070609,0.7848113,0.7295157,0.7401888,0.9091954,0.9767855,0.7332512,0.7546388
fri_c2_1000_25.arff,0.9158,0.7392662,0.617853,0.8437084,0.8961744,0.7574515,0.7352651,0.7388796,0.9120594,0.9604333,0.6880445,0.7259951
fri_c2_1000_5.arff,0.9339382,0.7701919,0.8828474,0.9078957,0.9060551,0.7953222,0.7557542,0.7701916,0.9235601,0.9807987,0.7690991,0.7822906
fri_c2_1000_50.arff,0.9070842,0.7497171,0.5606379,0.8478656,0.8815136,0.7592624,0.7418926,0.7517303,0.8757437,0.9346394,0.6721074,0.6945568
fri_c2_250_10.arff,0.9438611,0.8331111,0.7763888,0.8665278,0.8434026,0.8240554,0.8187221,0.8331111,0.9090415,0.953,0.786597,0.8029166
fri_c2_250_25.arff,0.9024891,0.687013,0.5457585,0.797952,0.812013,0.7288796,0.6922411,0.7244006,0.7903597,0.9319346,0.6789336,0.6696263
fri_c2_250_5.arff,0.8987012,0.7493507,0.8142859,0.8665584,0.8483767,0.77013,0.7353896,0.7487013,0.8123377,0.967857,0.7470779,0.7769481
fri_c2_250_50.arff,0.8416085,0.7188813,0.5333291,0.7806112,0.830578,0.7377372,0.6845072,0.7312605,0.8264527,0.8995962,0.660194,0.697648
fri_c2_500_10.arff,0.9310477,0.7476881,0.7068462,0.9287254,0.9014256,0.7546723,0.7418272,0.7486733,0.91452,0.9757035,0.7601582,0.7925715
fri_c2_500_25.arff,0.8917351,0.6635478,0.5776528,0.8217107,0.8637491,0.665893,0.6820229,0.6781607,0.8487584,0.9248158,0.5671095,0.5853226
fri_c2_500_5.arff,0.9086077,0.7452683,0.8757839,0.8871142,0.8681301,0.7708128,0.7290166,0.743788,0.8950426,0.967996,0.7084238,0.7344335
fri_c2_500_50.arff,0.9148257,0.7703079,0.5514286,0.8530943,0.8649291,0.7598449,0.7689162,0.777303,0.8689975,0.9304147,0.663986,0.7176436
fri_c3_100_10.arff,0.6791667,0.4916667,0.5666667,0.8249999,0.7374999,0.6374999,0.6874997,0.6250001,0.7666666,0.8770834,0.5041668,0.5125001
fri_c3_100_25.arff,0.6434167,0.4469999,0.5691666,0.53975,0.7168333,0.5483333,0.462,0.5204999,0.6081666,0.7337499,0.5608334,0.5866667
fri_c3_100_5.arff,0.8721667,0.6658335,0.7916667,0.7719999,0.6570834,0.765,0.6945,0.6618335,0.671,0.9091667,0.6483333,0.6708333
fri_c3_100_50.arff,0.8422618,0.525,0.5755952,0.6714286,0.721131,0.5199405,0.4934524,0.5916666,0.6964286,0.8124999,0.494643,0.4392859
fri_c3_1000_10.arff,0.9143263,0.7036123,0.7215909,0.8812501,0.8677556,0.7209009,0.7211852,0.7099027,0.903328,0.9718141,0.663961,0.6539771
fri_c3_1000_25.arff,0.9119924,0.7205044,0.5487535,0.8795593,0.866623,0.7258601,0.713268,0.7236631,0.8980382,0.9665207,0.6493777,0.6595616
fri_c3_1000_5.arff,0.8890814,0.7183743,0.882923,0.8889459,0.8754998,0.7163946,0.6765138,0.7191972,0.8913332,0.9730368,0.6438854,0.6363338
fri_c3_1000_50.arff,0.9019704,0.7186501,0.5839143,0.8352529,0.8649122,0.7287276,0.6841675,0.7169343,0.8898778,0.9386269,0.650698,0.6656186
fri_c3_250_10.arff,0.9443847,0.6446595,0.642778,0.8279637,0.8587412,0.7034798,0.6430902,0.6707543,0.8342866,0.9683315,0.6338577,0.5953714
fri_c3_250_25.arff,0.915955,0.6834582,0.5917,0.7970446,0.8305278,0.686064,0.6662504,0.6828089,0.7744173,0.9250998,0.6658423,0.639423
fri_c3_250_5.arff,0.8802596,0.7264242,0.8374675,0.806684,0.8325327,0.7527446,0.6664936,0.7179827,0.8294416,0.9645408,0.652619,0.6631602
fri_c3_250_50.arff,0.9129697,0.5731603,0.4962556,0.8434328,0.863987,0.611013,0.5969653,0.6277057,0.825329,0.8982598,0.5779222,0.5640259
fri_c3_500_10.arff,0.8842259,0.660196,0.6667672,0.8489081,0.8387264,0.6981416,0.6696852,0.6730142,0.8383825,0.9631954,0.6389957,0.637223
fri_c3_500_25.arff,0.9013798,0.6767859,0.5849026,0.8629869,0.8493506,0.6873376,0.6296267,0.681169,0.840909,0.9488636,0.6357142,0.6095779
fri_c3_500_5.arff,0.8643279,0.666496,0.8622142,0.8563246,0.8357949,0.7152778,0.694638,0.6644935,0.8506871,0.9633087,0.66272,0.6416426
fri_c3_500_50.arff,0.8741753,0.6653324,0.5214844,0.8242407,0.8345351,0.6791667,0.6270562,0.6762109,0.8353897,0.9167404,0.6028325,0.6308384
fri_c4_100_10.arff,0.8529167,0.7166667,0.615,0.6636666,0.69,0.7053334,0.6483333,0.7126667,0.7344166,0.9029166,0.6158333,0.5958333
fri_c4_100_100.arff,0.8304166,0.6745001,0.4966667,0.6585,0.7541666,0.4940833,0.586,0.6745001,0.8064166,0.7679167,0.5558333,0.5383333
fri_c4_100_25.arff,0.8019167,0.7718333,0.6233333,0.7501667,0.7388333,0.68,0.7123333,0.7718333,0.7517501,0.8895834,0.6816667,0.6608334
fri_c4_100_50.arff,0.8698334,0.4571666,0.5574999,0.7538333,0.6893334,0.3769168,0.4096667,0.4913333,0.7666667,0.7360833,0.4666667,0.475
fri_c4_1000_10.arff,0.9043629,0.7050933,0.7271104,0.8553776,0.852496,0.7156656,0.6805196,0.7062096,0.8813921,0.9662134,0.6442371,0.6345781
fri_c4_1000_100.arff,0.9268971,0.6955557,0.5261906,0.8548031,0.8737097,0.6920281,0.6513832,0.6859105,0.8998149,0.9125771,0.6256549,0.6336659
fri_c4_1000_25.arff,0.9044317,0.6742992,0.5799524,0.872232,0.8836402,0.6795873,0.6613445,0.6775158,0.8909941,0.9581874,0.6287322,0.6262166
fri_c4_1000_50.arff,0.8680194,0.6985593,0.5375,0.8236203,0.8747159,0.7112825,0.6509536,0.7063312,0.8750407,0.9285103,0.6091719,0.620698
fri_c4_250_10.arff,0.8637487,0.5774308,0.6872919,0.7886904,0.7544788,0.6728439,0.6478438,0.6907344,0.7825134,0.9235181,0.6436231,0.634911
fri_c4_250_100.arff,0.8902596,0.6402597,0.6009739,0.8068181,0.7610391,0.6045455,0.6376623,0.6844156,0.7665586,0.8633115,0.6058441,0.5564934
fri_c4_250_25.arff,0.8721945,0.6856477,0.6309233,0.8742548,0.810889,0.6662921,0.6293831,0.7197052,0.8182402,0.9203961,0.5980729,0.6057652
fri_c4_250_50.arff,0.8732517,0.5730437,0.5346194,0.7915542,0.7793413,0.6287629,0.5989843,0.6515402,0.7542499,0.8553321,0.5948219,0.5925991
fri_c4_500_10.arff,0.8920225,0.6784676,0.7653116,0.8090088,0.8582922,0.7107797,0.6918279,0.6802391,0.8619246,0.9600779,0.6646768,0.6520938
fri_c4_500_100.arff,0.9012288,0.6922638,0.5128152,0.8049523,0.8587542,0.6592534,0.6794326,0.6901516,0.8669932,0.8841247,0.596242,0.617484
fri_c4_500_25.arff,0.91609,0.7106583,0.6200739,0.8692987,0.8597936,0.7197753,0.6504441,0.7160322,0.8798833,0.9481304,0.6437267,0.6245428
fri_c4_500_50.arff,0.8936545,0.6633889,0.5199577,0.8066344,0.8539933,0.6949825,0.6656598,0.6649906,0.8552451,0.9211411,0.622329,0.6342733
fried.arff,0.9185733,0.9482455,0.8246139,0.9109433,0.9206646,0.9159891,0.911726,0.9453622,0.9449231,0.9806594,0.8340704,0.8387998
fruitfly.arff,0.4479018,0.5,0.4958928,0.52125,0.5103571,0.5787499,0.5377679,0.4019643,0.5114285,0.4908036,0.49375,0.5
gina_agnostic.arff,0.8789031,0.8208624,0.8246928,0.8616757,0.9084117,0.8030223,0.8881768,0.8246699,0.905699,0.9802942,0.803397,0.8372851
gina_prior.arff,0.875223,0.8421367,0.9625666,0.8709893,0.9141096,0.8847998,0.8977679,0.8327513,0.9051642,0.9862764,0.8455189,0.8614875
glass.arff,0.8072018,0.5,0.76614,0.7362049,0.7159341,0.7091542,0.6165523,0.7202512,0.6730181,0.8946526,0.5017857,0.5026786
haberman.arff,0.6787715,0.6133153,0.5766896,0.5679801,0.647398,0.6697794,0.6400337,0.6734191,0.5584678,0.6605744,0.5169961,0.5016304
hayes-roth.arff,0.8430556,0.7198611,0.8638195,0.7796527,0.7814583,0.7840278,0.8031944,0.7973611,0.7613194,0.8975,0.7658333,0.6461111
heart-c.arff,0.8895361,0.9059409,0.7596739,0.7752484,0.8292342,0.9086074,0.9065762,0.9044906,0.8254727,0.9004383,0.8343163,0.8331365
heart-statlog.arff,0.886389,0.906111,0.75,0.7494445,0.8091666,0.9111111,0.8855556,0.9005557,0.7955556,0.8983335,0.8266668,0.8366668
hepatitis.arff,0.8777512,0.7980769,0.663782,0.6965544,0.5738781,0.8092414,0.7790065,0.859188,0.5458333,0.8690706,0.7432694,0.7512822
hip.arff,0.8555556,0.8222223,0.5416667,0.6583333,0.6166667,0.8666667,0.8944445,0.8333334,0.5388889,0.8666667,0.8416666,0.8
house_16H.arff,0.8937907,0.8268753,0.779805,0.8528048,0.8393266,0.8863311,0.8893365,0.8455615,0.9029349,0.9522286,0.7734401,0.7602182
house_8L.arff,0.915095,0.8507378,0.7716583,0.8982025,0.8441459,0.8867198,0.8880276,0.8676821,0.9117987,0.9466904,0.7799774,0.7607416
houses.arff,0.9963474,0.9929833,0.9694227,0.9921027,0.9857621,0.9949164,0.9926133,0.991994,0.995679,0.9989168,0.961532,0.9606006
housing.arff,0.9186544,0.8469021,0.8315066,0.8656808,0.8807962,0.9353887,0.9291678,0.8671401,0.8795653,0.9474803,0.8556689,0.8524014
humandevel.arff,0.9511904,0.9547618,0.8928571,0.8928572,0.8773811,0.9547618,0.9547618,0.9547618,0.5,0.9559523,0.875,0.875
hungarian.arff,0.8915392,0.8991069,0.74874,0.7658213,0.7655369,0.9097076,0.9040617,0.8990377,0.8294472,0.8864088,0.8057576,0.7966266
hutsof99_child_witness.arff,0.8166667,0.8,0.6916666,0.7208333,0.7333333,0.8916667,0.8,0.8,0.5083333,0.8166667,0.7166666,0.6583333
hutsof99_logis.arff,0.7749999,0.8416666,0.6708333,0.6375,0.5833333,0.7666666,0.7499999,0.8416666,0.6291667,0.7708333,0.6458332,0.6999999
hypothyroid.arff,0.9941382,0.9886055,0.6761353,0.9892537,0.9844076,0.9730831,0.9147024,0.9193266,0.9893132,0.9989745,0.6793391,0.5750864
ionosphere.arff,0.9526274,0.9374099,0.8231581,0.8907519,0.8714426,0.8710955,0.8401692,0.9370323,0.898135,0.979848,0.8438915,0.8541604
iris.arff,1,1,1,0.99,1,1,1,1,1,1,1,1
irish.arff,1,1,1,1,1,1,1,1,1,1,0.574,1
jEdit_4.0_4.2.arff,0.7968407,0.7277865,0.6881083,0.7331043,0.7625589,0.8089482,0.7876766,0.7283164,0.8058279,0.8231947,0.7153847,0.6722527
jEdit_4.2_4.3.arff,0.5829355,0.6391352,0.6639899,0.6042185,0.6368085,0.6740177,0.6640537,0.6631549,0.6903007,0.7547746,0.6269905,0.6335328
jm1.arff,0.7104264,0.5412486,0.6382877,0.6544426,0.5636753,0.7137139,0.7022513,0.6903927,0.7081234,0.7573522,0.5039932,0.5021395
kc1.arff,0.7827487,0.5,0.7351205,0.6807855,0.6120128,0.7979179,0.796595,0.7921514,0.7546415,0.8260372,0.5391182,0.5180212
kc1-binary.arff,0.7482638,0.8077546,0.7092593,0.7355325,0.7530093,0.7236111,0.8219907,0.8006946,0.7466435,0.8148148,0.7798611,0.7965277
kc1-top5.arff,0.6478022,0.4,0.5604395,0.5236264,0.4925824,0.5928572,0.7412088,0.7170328,0.4107143,0.7063186,0.5423076,0.4461538
kc3.arff,0.7801262,0.5,0.7363356,0.5172473,0.5528789,0.7846603,0.7822444,0.8207927,0.5419512,0.854653,0.5314286,0.510119
kdd_el_nino-small.arff,0.9428836,0.9495832,0.851823,0.9598598,0.9495489,0.9844856,0.9735482,0.9800286,0.9755571,0.993667,0.9481165,0.915623
kdd_internet_usage.arff,0.9354545,0.9164491,0.821995,0.9294703,0.8544313,0.9297313,0.8369083,0.9204861,0.9218775,0.938927,0.8445914,0.8611666
kdd_ipums_la_97-small.arff,0.9895453,0.7712981,0.9340805,0.9698314,0.9707996,0.9842115,0.7340357,0.9494391,0.9711583,0.9800773,0.9675424,0.9802132
kdd_ipums_la_98-small.arff,1,1,0.911712,0.9941735,0.9802797,0.9813259,1,0.3966274,0.9902877,0.9968627,0.9861146,0.9955186
kdd_synthetic_control.arff,1,1,1,0.9835,0.972,1,1,1,0.5,1,1,1
kidney.arff,0.8510417,0.775,0.7125,0.7916667,0.6552083,0.7645833,0.6687499,0.7833333,0.6770833,0.8385416,0.7375,0.5333333
kin8nm.arff,0.799049,0.7956665,0.810803,0.8179249,0.8095228,0.8143219,0.8085197,0.819402,0.8382166,0.9347007,0.7309677,0.7353175
kr-vs-kp.arff,0.9549688,0.9835166,0.9894608,0.9987706,0.9943185,0.995843,0.9867983,0.952024,0.9979035,0.9992503,0.9700972,0.9562005
labor.arff,0.9125,0.8791667,0.825,0.7333333,0.7458333,0.975,0.9125,0.9875,0.70625,0.9458333,0.9,0.875
letter.arff,0.9559368,0.9310131,0.9903136,0.9786213,0.95716,0.966118,0.9276408,0.9430128,0.9873656,0.9998076,0.7405056,0.654247
leukemia.arff,0.9733334,0.99,0.8299999,0.8491667,0.8716666,0.98,0.95,0.9733333,0.87,0.9958333,0.91,0.9833333
lowbwt.arff,0.8498148,0.8706172,0.7483333,0.8266667,0.8366666,0.8518518,0.871111,0.8661727,0.834506,0.8866666,0.8038888,0.8138888
lung-cancer.arff,0.675,0.65,0.4,0.6833333,0.65,0.675,0.55,0.75,0.6833333,0.7166667,0.45,0.5
lupus.arff,0.7730556,0.7911111,0.6725001,0.7158333,0.7066666,0.8383333,0.8522222,0.8044444,0.7425,0.7377777,0.73,0.74
lymph.arff,0.9093254,0.8943452,0.8354002,0.8483962,0.7820932,0.8517856,0.897123,0.9069114,0.8019842,0.9378307,0.8280753,0.8741071
lymphoma_2classes.arff,0.9333333,0.9458333,0.7333332,0.8083334,0.7416666,0.9583333,1,0.9458333,0.7583333,0.9833333,0.825,0.9666667
machine_cpu.arff,0.9793056,0.9653334,0.9198889,0.91125,0.9134582,0.9688056,0.9776945,0.9676945,0.9123471,0.9792361,0.9135417,0.8633334
MagicTelescope.arff,0.9999253,0.9998427,0.9810145,0.9999594,0.9999253,0.9999997,0.9999992,0.985029,0.9999253,1,0.9956501,0.9913435
mammography.arff,0.9204147,0.8571849,0.7494915,0.8398134,0.7999442,0.9183741,0.9196282,0.9186955,0.8591951,0.9419382,0.6510533,0.5614471
mbagrade.arff,0.6722223,0.7444445,0.6333331,0.5694445,0.6125,0.7458334,0.7458334,0.7611112,0.5381944,0.6569445,0.5916668,0.6333335
mc1.arff,0.9315956,0.8297326,0.9435449,0.7891226,0.6313421,0.8960464,0.9000694,0.9106358,0.7840435,0.9393283,0.5,0.5
mc2.arff,0.6148483,0.7133334,0.5972727,0.6254544,0.585606,0.7183333,0.6787879,0.7113637,0.5865908,0.7084848,0.6204543,0.5851515
meta.arff,0.8389228,0.5,0.7884308,0.5,0.6253279,0.845709,0.8939272,0.7975,0.6249025,0.9189981,0.7100976,0.6461392
mfeat-factors.arff,0.9973332,0.9730001,0.9905693,0.9690554,0.9672499,0.9965,0.9999166,0.972639,0.9707222,0.9987222,0.9925,0.9925
mfeat-karhunen.arff,0.9786945,0.98475,0.9878194,0.9141805,0.9237223,0.9907499,0.9978334,0.9847778,0.9372361,0.9984028,0.9749998,0.9763888
mfeat-morphological.arff,0.9990139,0.9932223,0.9928333,0.9932223,0.9897222,0.9998888,0.9998611,0.9864167,0.9881112,0.9972361,0.9925,0.9925
mfeat-pixel.arff,0.9935971,0.98275,0.9874722,0.9735417,0.95675,0.8514722,0.7171527,0.98275,0.9863195,0.9991111,0.9761111,0.9763889
mfeat-zernike.arff,0.9918056,0.9846668,0.9862082,0.9481807,0.9567916,0.9941805,0.9966667,0.984639,0.9575695,0.9973056,0.9838888,0.9813888
molecular-biology_promoters.arff,0.6916668,0.5041667,0.5714286,0.3803571,0.4586309,0.5970238,0.617857,0.6791668,0.5,0.6107143,0.5696429,0.5625
monks-problems-1.arff,0.3735488,0.5,0.077381,0.4485595,0.4654055,0.3741168,0.4641906,0.3760778,0.4816731,0.074842,0.4339377,0.4735223
monks-problems-2.arff,0.4134748,0.4599999,0.5595699,0.6495574,0.5603422,0.4081972,0.5090932,0.4170733,0.5161972,0.5130251,0.4810753,0.4873118
monks-problems-3.arff,0.3949428,0.4671415,0.1020834,0.4099797,0.4611111,0.3976616,0.4232166,0.388974,0.4756378,0.0995371,0.4007938,0.4600529
mozilla4.arff,0.9401222,0.9324034,0.8777353,0.9536611,0.9149638,0.886951,0.9189408,0.8297639,0.9584286,0.9838821,0.8377232,0.83788
mu284.arff,0.9964286,0.9635714,0.9576192,0.9964286,1,1,1,0.9560204,0.9964286,1,0.9752382,0.9788096
mushroom.arff,0.995492,0.9976679,1,1,1,1,0.9954417,0.9980964,0.9999991,1,1,1
musk.arff,0.9999104,1,0.9967848,0.9995098,0.9995098,1,0.6426384,0.9441353,0.9995098,1,1,1
newton_hema.arff,0.7653062,0.82449,0.6877551,0.8285714,0.6867346,0.8469387,0.8469388,0.82449,0.7979592,0.8438775,0.7642857,0.7428571
no2.arff,0.6202615,0.5812279,0.5690641,0.5970636,0.6220956,0.6084374,0.5813972,0.5802677,0.5972153,0.7076473,0.5687372,0.5743462
nursery.arff,1,1,1,1,1,1,1,1,1,1,1,1
oil_spill.arff,0.845053,0.5,0.7088389,0.5940512,0.7178714,0.8544787,0.8343166,0.8063702,0.7803744,0.9423704,0.6910798,0.6088826
optdigits.arff,0.9746598,0.8764316,0.9903997,0.9418981,0.9547954,0.9974568,0.9940353,0.9764375,0.9571945,0.9992037,0.9661644,0.960396
OVA_Breast.arff,0.9598405,0.9519318,0.9023915,0.8857296,0.9405438,0.9505603,0.6639366,0.9521219,0.9340512,0.9786722,0.9477625,0.9468592
OVA_Endometrium.arff,0.9514973,0.5,0.7299177,0.6992703,0.7325805,0.8297303,0.6799227,0.8604546,0.6906924,0.9506751,0.7073678,0.6825402
OVA_Ovary.arff,0.9340193,0.5281287,0.6867742,0.7947308,0.8611521,0.8258279,0.6880183,0.8415314,0.8654539,0.9491196,0.7802189,0.7987311
OVA_Uterus.arff,0.9040778,0.5,0.7475253,0.6825542,0.7618819,0.8335087,0.7085881,0.8575457,0.7762414,0.9380445,0.7765407,0.7755135
page-blocks.arff,0.9551899,0.7332345,0.8801582,0.9554385,0.9319972,0.9413122,0.8799293,0.9302646,0.9696638,0.9914198,0.7950131,0.7076838
pasture.arff,0.9666667,0.9,0.7666667,0.8666666,0.7666666,0.875,0.9333334,0.9,0.6916666,1,0.8416667,0.8166667
pbc.arff,0.7769133,0.7721712,0.6033181,0.7097954,0.6808735,0.7935418,0.7659037,0.771256,0.665853,0.7664123,0.7177917,0.6976545
pbcseq.arff,0.7533598,0.554851,0.7151536,0.7156522,0.7291761,0.6615319,0.6451537,0.7559705,0.5567645,0.7496701,0.6704818,0.6740585
pc1.arff,0.8068433,0.5,0.7416168,0.637758,0.5925285,0.8124428,0.7251307,0.7120908,0.768218,0.8728962,0.5115338,0.4995192
pc1_req.arff,0.6365152,0.5140909,0.6466885,0.5944914,0.5605197,0.6418721,0.6532359,0.5967424,0.6156819,0.6513745,0.5553897,0.5045455
pc2.arff,0.8495818,0.5034702,0.8526655,0.4994604,0.5827046,0.7897826,0.8156046,0.8211128,0.5111511,0.781455,0.5,0.5
pc3.arff,0.7886595,0.5,0.6430428,0.6008113,0.5488663,0.8230007,0.8019123,0.7683355,0.6659079,0.8466308,0.5,0.5
pc4.arff,0.9141813,0.5119485,0.715186,0.7838541,0.6997165,0.9165059,0.8722884,0.838022,0.8868694,0.946077,0.6486086,0.566539
pendigits.arff,0.9896324,0.9644917,0.9962786,0.9709532,0.9804677,0.9992331,0.9989836,0.9888173,0.9825258,0.9997541,0.983099,0.9844768
pharynx.arff,0.8196599,0.8400184,0.6477392,0.7860118,0.7782737,0.8259501,0.8684466,0.8400184,0.5,0.8010187,0.7905221,0.8291665
plasma_retinol.arff,0.6185978,0.5228938,0.54287,0.5238225,0.5535489,0.5694718,0.5462118,0.5266935,0.540207,0.5581671,0.5467852,0.5243381
pm10.arff,0.5784602,0.5303425,0.5676539,0.5576249,0.558983,0.4798382,0.5036993,0.5227436,0.5349322,0.6527583,0.5105833,0.5074488
pol.arff,0.9150703,0.9245364,0.9670624,0.985908,0.9738586,0.9407944,0.9265877,0.8827353,0.9926884,0.9990839,0.8807822,0.8818945
pollen.arff,0.5057427,0.5055952,0.4887994,0.4992134,0.4990074,0.4878928,0.4862818,0.4882147,0.5039137,0.4913239,0.4857595,0.4899881
pollution.arff,0.8333334,0.8555556,0.7125,0.7888889,0.7694444,0.736111,0.8527778,0.8666667,0.8055556,0.9,0.8208332,0.8041666
postoperative-patient-data.arff,0.3095238,0.5,0.3952381,0.4928571,0.4928571,0.3531747,0.3055555,0.4420635,0.4972222,0.4492064,0.4845238,0.4845238
primary-tumor.arff,0.8828215,0.8845898,0.8093986,0.7745001,0.7522299,0.8532125,0.8832253,0.8877148,0.7720952,0.8738397,0.7646088,0.754032
prnn_fglass.arff,0.7905564,0.5,0.7767857,0.7773106,0.7357928,0.7168662,0.6164737,0.7033457,0.7346694,0.8987588,0.4955358,0.5
prnn_synth.arff,0.9397436,0.9384616,0.8628204,0.8432691,0.8541666,0.9397436,0.9346154,0.9391025,0.8804487,0.9105771,0.8477564,0.8596153
profb.arff,0.6391195,0.5,0.4102658,0.5661946,0.5835672,0.7716315,0.734047,0.6585375,0.5223167,0.5723188,0.6951944,0.6358476
puma32H.arff,0.6565301,0.8510044,0.5583824,0.8782479,0.9040321,0.6666082,0.6710918,0.6672579,0.9288276,0.9483811,0.636419,0.6516406
puma8NH.arff,0.8285119,0.8602166,0.7369249,0.8736441,0.8511218,0.8557711,0.8557882,0.8564747,0.8741844,0.9079914,0.8217785,0.8270324
pwLinear.arff,0.9202828,0.9378384,0.8689899,0.8790151,0.8956919,0.9367879,0.9398384,0.7871314,0.8737222,0.9483434,0.8651515,0.855606
pyrim.arff,0.9329167,0.8616665,0.8858332,0.8245834,0.8108333,0.94625,0.9504166,0.8783333,0.8937501,0.9554167,0.9149999,0.9049999
quake.arff,0.5082499,0.5078683,0.5123727,0.5,0.532807,0.5277524,0.5364721,0.5183889,0.5015301,0.5148322,0.5,0.5
rabe_131.arff,0.9833333,1,0.8583333,0.975,0.975,0.975,1,1,0.975,1,0.9499999,0.9666666
rabe_148.arff,1,0.9777778,0.9583333,0.9583333,0.9333333,0.9888889,0.9888889,1,0.9333333,0.9888889,0.9375,0.9416667
rabe_166.arff,0.975,1,0.975,0.975,0.975,1,1,1,0.95,1,0.9333333,0.9333333
rabe_176.arff,0.5999999,0.6916666,0.5958333,0.6708335,0.6500001,0.6583334,0.7,0.6916666,0.6083334,0.6041666,0.6833333,0.6625001
rabe_265.arff,0.7777778,0.6833333,0.6999999,0.5749999,0.6833333,0.6944445,0.7666667,0.7111111,0.5666667,0.8,0.6749999,0.6666667
rabe_266.arff,0.9819444,0.9776984,0.960992,0.9206746,0.9472224,0.9804763,0.983254,0.9776984,0.909127,0.9944444,0.9411904,0.9495237
rabe_97.arff,0.9666667,0.95,0.925,0.9833333,0.9,1,0.9833333,0.95,0.7916666,1,0.8999999,0.8249999
rmftsa_ctoarrivals.arff,0.9173245,0.9891477,0.9420522,0.9449164,0.9093147,0.9947293,0.9891945,0.9891477,0.9724849,0.9900401,0.9377105,0.93129
rmftsa_ladata.arff,0.9292362,0.8620364,0.8528934,0.8681292,0.9049309,0.9576728,0.9495772,0.9196807,0.9033982,0.957774,0.8886134,0.8621896
rmftsa_sleepdata.arff,0.7670207,0.7662054,0.7676084,0.7861757,0.7419691,0.7794907,0.773889,0.7659907,0.7853621,0.7794544,0.6890211,0.6871547
scene.arff,0.87516,0.5,0.915657,0.978321,0.8624083,0.9487653,0.9826852,0.8439374,0.9563697,0.9553476,0.9578782,0.9698729
schizo.arff,0.634918,0.5938257,0.6088847,0.8865592,0.8202869,0.619865,0.6417699,0.5920931,0.8420215,0.8657535,0.6184843,0.5886437
schlvote.arff,0.7166667,0.4833334,0.4833333,0.7,0.6583333,0.9,0.8,0.4333332,0.5583333,0.7500001,0.55,0.5
segment.arff,0.9988292,0.5,0.9946129,0.9789409,0.980831,0.9999847,0.9990971,0.986838,0.9868534,0.9998852,0.9921716,0.9888888
sensory.arff,0.6474167,0.6482564,0.6429442,0.72769,0.7052711,0.6526818,0.6452911,0.6482564,0.7047568,0.726735,0.6103962,0.6185291
servo.arff,0.9567309,0.9576924,0.9772435,0.953846,0.953846,0.9766025,0.9891025,0.9576924,0.9570512,0.9852564,0.9179486,0.9102563
shuttle-landing-control.arff,0.05,0.1,0,0.05,0.05,0.05,0.1,0.1,0.05,0.05,0.05,0.05
sick.arff,0.9791884,0.5340661,0.8087413,0.9494568,0.9199599,0.9422427,0.9443748,0.9252424,0.969867,0.9973047,0.7616444,0.4998588
sleep.arff,0.7041667,0.8097222,0.6958333,0.7541666,0.7027777,0.6736112,0.6833334,0.8097222,0.7555556,0.7069445,0.6791666,0.6541668
sleuth_case1102.arff,0.35,0.5,0.375,0.45,0.375,0.55,0.475,0.2,0.525,0.275,0.375,0.375
sleuth_case1201.arff,0.9416667,0.9833333,0.8833333,0.8833333,0.8583333,0.8666666,1,0.9833333,0.675,1,0.925,0.925
sleuth_case1202.arff,0.8504166,0.8813888,0.8108334,0.8745834,0.8725001,0.9130556,0.8858334,0.8855555,0.8691667,0.841111,0.8158335,0.7950001
sleuth_case2002.arff,0.7381801,0.7132653,0.5636053,0.6738945,0.7208332,0.7242772,0.6862669,0.7096939,0.7218536,0.6804847,0.6452381,0.6544642
sleuth_ex1221.arff,0.8916667,0.7083333,0.85,0.8416666,0.7583333,0.875,0.9416666,0.7083333,0.5,0.8833333,0.8916666,0.8916666
sleuth_ex1605.arff,0.8375,0.8055557,0.7624997,0.7388888,0.7347222,0.8972223,0.888889,0.7944446,0.8124999,0.8194446,0.8041665,0.7541665
sleuth_ex1714.arff,0.9333334,0.9333333,0.8166667,0.8916667,0.8583333,0.8333333,0.8916667,0.9333333,0.7999999,0.9416666,0.75,0.775
sleuth_ex2015.arff,0.6611112,0.788889,0.5666666,0.6333334,0.6666665,0.8000002,0.8222223,0.8000001,0.611111,0.638889,0.7166667,0.7833331
sleuth_ex2016.arff,0.7266667,0.7744445,0.7725,0.6072222,0.7083333,0.8316667,0.83,0.79,0.6741666,0.8,0.7208333,0.7291667
socmob.arff,0.9609077,0.9201728,0.9325222,0.9043033,0.9188221,0.9878341,0.9423939,0.9767299,0.9283437,0.98587,0.8814957,0.8501197
solar-flare.arff,0.4345766,0.35,0.4543851,0.35,0.35,0.3599799,0.4564517,0.6164315,0.35,0.532863,0.3936492,0.35
sonar.arff,0.8610017,0.8099833,0.8638129,0.7282913,0.7830305,0.7612627,0.8225925,0.7999832,0.753266,0.9316666,0.791212,0.758131
space_ga.arff,0.8169965,0.7544314,0.791337,0.830524,0.8160094,0.904343,0.9015626,0.8096541,0.8509588,0.9137376,0.824986,0.7922276
spambase.arff,0.958921,0.7951586,0.9079356,0.9354983,0.9341909,0.9714396,0.961416,0.9365413,0.9579572,0.9873367,0.9144852,0.8910099
SPECT.arff,0.7558522,0.7558712,0.7067424,0.681269,0.7069696,0.7461364,0.7419886,0.7558712,0.7088826,0.7416288,0.6911742,0.695303
SPECTF.arff,0.874518,0.7489094,0.8146787,0.8768718,0.7839282,0.8899077,0.8689333,0.8714289,0.8179915,0.9703437,0.7406837,0.7637607
spectrometer.arff,0.987132,0.5,0.7664893,0.8763201,0.8737457,0.930715,0.8425356,0.9135948,0.5,0.9883141,0.8543086,0.8464362
splice.arff,0.9721916,0.9708333,0.8492001,0.9484831,0.9716687,0.975968,0.8945679,0.9753367,0.5071685,0.9936055,0.9386455,0.9355049
sponge.arff,0.5285714,0.35,0.3000001,0.4,0.2928571,0.5571429,0.5285714,0.4285714,0.3,0.5571429,0.4,0.4
squash-stored.arff,0.8583334,0.8499999,0.7999999,0.6833333,0.7083334,0.6777779,0.8388888,0.8666666,0.4833333,0.8833334,0.7166666,0.7083332
squash-unstored.arff,0.7666666,0.7777778,0.6749999,0.6722222,0.7166666,0.5777779,0.8444445,0.7777778,0.5944445,0.8666667,0.6416666,0.6583333
stock.arff,0.9728543,0.8328172,0.9631591,0.9705502,0.9536469,0.9314702,0.8805083,0.8329059,0.9755148,0.9961408,0.8572809,0.8400016
strikes.arff,0.9423598,0.683575,0.9664315,0.9969661,0.9861001,0.7162331,0.7446376,0.673257,0.9846613,0.9980847,0.6477318,0.6234879
sylva_agnostic.arff,0.9950243,0.9648095,0.9617196,0.9659891,0.9791219,0.9990421,0.9974027,0.9968315,0.989493,0.9988998,0.9876287,0.9887525
sylva_prior.arff,0.9948615,0.967603,0.906567,0.9601758,0.975377,0.9965752,0.9961519,0.996771,0.9859199,0.9985875,0.9745564,0.9831827
tae.arff,0.5987037,0.6057778,0.7195186,0.6441296,0.611963,0.6911481,0.6307407,0.6697778,0.5900556,0.8456666,0.5611111,0.5661111
tecator.arff,0.9733341,0.7384892,0.8932418,0.9220629,0.8975699,0.9788263,0.9878721,0.7377749,0.9046453,0.9715109,0.933931,0.9277772
thyroid_sick.arff,0.9791884,0.5340661,0.8087413,0.9494568,0.9199599,0.9422427,0.9443748,0.9252424,0.969867,0.9973047,0.7616444,0.4998588
tic-tac-toe.arff,0.7984176,0.7469239,0.9999511,0.8983768,0.9733326,0.996928,0.9816272,0.7469239,0.8807134,0.9979249,0.9758466,0.9758466
transplant.arff,1,0.9977778,0.9844444,0.9944444,0.99,1,1,0.9977778,0.9944444,1,1,0.96
triazines.arff,0.7365829,0.5932305,0.7200812,0.8213637,0.7660714,0.7687338,0.7800973,0.7947566,0.6835958,0.8639286,0.7272564,0.7341556
tumors_C.arff,0.5986111,0.51875,0.5458333,0.4833333,0.5,0.6694444,0.4305556,0.575,0.4875,0.5819444,0.6,0.6291667
vehicle.arff,0.9636461,0.8632509,0.9542056,0.9632924,0.9430556,0.9912695,0.9892962,0.8561786,0.9564032,0.998916,0.9283164,0.9007447
vehicle_sensIT.arff,0.8824698,0.8398718,0.7386986,0.8168912,0.879209,0.9145299,0.9127129,0.8397343,0.8969709,0.9193529,0.8531695,0.8518901
veteran.arff,0.7195834,0.6477777,0.6183333,0.6506944,0.5998611,0.7219444,0.6961111,0.7230556,0.6431945,0.7280555,0.6344443,0.6080556
vineyard.arff,0.8638889,0.8611112,0.7333332,0.7999999,0.8416667,0.8500001,0.8277778,0.8777779,0.7666666,0.8833332,0.8416665,0.8416665
vinnie.arff,0.9080437,0.8826562,0.8980675,0.8467543,0.8467543,0.9313417,0.9335622,0.934114,0.8726816,0.9077724,0.8416227,0.8281577
visualizing_environmental.arff,0.7783333,0.7194445,0.59,0.7333334,0.6966667,0.7677779,0.77,0.7227778,0.7466668,0.7147222,0.7316667,0.7166667
visualizing_ethanol.arff,0.535625,0.535,0.44,0.485,0.494375,0.555,0.5725,0.53625,0.48125,0.56625,0.5125,0.5225
visualizing_galaxy.arff,0.9879117,0.9930625,0.9382352,0.9631747,0.94742,0.9965749,0.995803,0.9938251,0.946143,0.9885793,0.96317,0.9196777
visualizing_hamster.arff,0.7281249,0.4875,0.5875001,0.5416667,0.6489583,0.6208334,0.5479166,0.5041666,0.6552083,0.7552082,0.5166667,0.5
visualizing_livestock.arff,0.8668182,0.8966667,0.8630303,0.8057575,0.831818,0.8074242,0.8415151,0.8966667,0.5524242,0.7524243,0.8372725,0.7934846
visualizing_slope.arff,0.95,0.9333333,0.8833333,0.8749999,0.8166666,1,0.9833333,0.9333333,0.8999999,1,0.9583333,0.8083333
vote.arff,0.9906946,0.96524,0.9652694,0.9796364,0.9613708,0.9833772,0.9886774,0.9705873,0.970186,0.9913283,0.9669567,0.9604957
water-treatment.arff,0.9980555,0.8481946,0.5334722,0.9930556,0.98125,0.5775884,0.5575852,0.7291983,0.5,0.6550757,0.514255,0.5245328
waveform-5000.arff,0.9068288,0.8956534,0.7799943,0.7956617,0.8341154,0.9285092,0.9229297,0.9388884,0.8929154,0.9594538,0.8426188,0.853592
webdata_wXa.arff,0.8610562,0.6023502,0.7563866,0.8291419,0.7237331,0.8912082,0.8414699,0.8777162,0.865303,0.8301319,0.7592851,0.742337
white-clover.arff,0.7597223,0.8000001,0.6458333,0.6854167,0.5958333,0.8611111,0.9055556,0.8125001,0.6354166,0.8375,0.7875,0.75
wind.arff,0.9151937,0.8570528,0.8136493,0.8466543,0.8698277,0.9348861,0.9327902,0.8899474,0.9003561,0.9393651,0.8502778,0.8525473
wind_correlations.arff,0.9583333,0.9083333,0.8333333,0.8916666,0.8166666,0.9666666,0.9833333,0.9333333,0.9,0.9708333,0.8833333,0.8833333
wisconsin.arff,0.5063131,0.6313132,0.560303,0.4963131,0.5080305,0.6217172,0.6225253,0.6116163,0.5119192,0.5511111,0.5441919,0.6151515
witmer_census_1980.arff,0.7583332,0.7333334,0.6499999,0.6083332,0.6666666,0.7999999,0.8166666,0.7333333,0.5,0.7666668,0.7499999,0.7666665
yeast_ml8.arff,0.8613078,0.5,0.5312026,0.7763508,0.4995816,0.5755299,0.88692,0.8092,0.5828781,0.7643946,0.526018,0.5
zoo.arff,1,1,1,1,1,1,1,1,1,1,1,1
