name,AB_CFS,HT_CFS,Ibk_CFS,J48_CFS,Jrip_CFS,Log_CFS,MLP_CFS,NB_CFS,REP_CFS,RF_CFS,SGD_CFS,SVM_CFS
2dplanes.arff,0.9199,0.9767,0.9798,0.9765,0.9397,0.9142,0.9046,0.7143,0.9772,0.9797,0.827,0.8287
abalone.arff,0.8401,0.7637,0.7113,0.8134,0.777,0.8505,0.8321,0.8375,0.8312,0.8354,0.7592,0.7545
ada_prior.arff,0.887,0.7745,0.7846,0.8611,0.7556,0.8844,0.833,0.8719,0.8593,0.8601,0.7507,0.729
adult-census.arff,0.891,0.8154,0.8905,0.8784,0.7274,0.8862,0.856,0.8694,0.8947,0.9023,0.7504,0.7373
adult.arff,0.8825,0.8707,0.8855,0.8617,0.709,0.8891,0.8449,0.8847,0.8794,0.8878,0.7493,0.7447
ailerons.arff,0.9286,0.8763,0.8543,0.9115,0.8704,0.9314,0.929,0.9122,0.9176,0.9061,0.8422,0.8497
analcatdata_apnea1.arff,0.919,0.9138,0.9507,0.9247,0.832,0.9181,0.9209,0.9138,0.9317,0.944,0.8201,0.8201
analcatdata_apnea2.arff,0.9446,0.937,0.9484,0.9455,0.8855,0.9418,0.9311,0.937,0.9512,0.9439,0.9312,0.9312
analcatdata_apnea3.arff,0.9124,0.9014,0.8988,0.8877,0.8064,0.911,0.8852,0.9014,0.8815,0.891,0.8411,0.8411
analcatdata_asbestos.arff,0.7518,0.8014,0.765,0.7147,0.7521,0.8002,0.7571,0.8008,0.7565,0.7761,0.7667,0.7911
analcatdata_authorship.arff,0.9994,0.996,0.9935,0.9657,0.9516,0.9955,0.9997,0.9979,0.9521,0.9997,0.9924,0.9934
analcatdata_bankruptcy.arff,0.8864,0.8928,0.86,0.8416,0.812,0.9152,0.9664,0.8928,0.4,0.8944,0.92,0.9
analcatdata_birthday.arff,0.9085,0.9213,0.6817,0.896,0.6893,0.8875,0.9354,0.9378,0.8958,0.8981,0.7714,0.5675
analcatdata_bondrate.arff,0.4205,0.4205,0.4205,0.4205,0.4205,0.4205,0.452,0.4205,0.4205,0.4205,0.5,0.5
analcatdata_boxing1.arff,0.8776,0.877,0.8187,0.8468,0.7665,0.8436,0.8103,0.877,0.8443,0.8367,0.7683,0.7701
analcatdata_boxing2.arff,0.8462,0.8441,0.8245,0.8291,0.7667,0.8456,0.8146,0.8441,0.8459,0.8363,0.8289,0.8289
analcatdata_broadway.arff,1,1,1,1,0.9611,1,1,1,1,1,1,1
analcatdata_broadwaymult.arff,0.8141,0.7936,0.7807,0.7856,0.6874,0.4084,0.7939,0.7936,0.4869,0.3598,0.7477,0.7477
analcatdata_creditscore.arff,0.9871,0.9967,0.9632,0.9871,0.9871,0.9795,0.9272,0.9909,0.9871,0.9866,0.6139,0.6071
analcatdata_cyyoung8092.arff,0.8388,0.8533,0.6296,0.645,0.7152,0.859,0.7628,0.851,0.5245,0.7791,0.6398,0.6116
analcatdata_cyyoung9302.arff,0.7419,0.8162,0.7412,0.6255,0.7008,0.8234,0.8216,0.8688,0.6965,0.7906,0.7289,0.6637
analcatdata_dmft.arff,0.5572,0.4907,0.4948,0.5378,0.4863,0.5565,0.5328,0.578,0.4922,0.4963,0.5,0.5
analcatdata_draft.arff,0.6171,0.6407,0.6425,0.4716,0.4716,0.6446,0.6383,0.6415,0.4716,0.6462,0.5,0.5
analcatdata_election2000.arff,0.949,1,0.9802,0.9456,0.8997,0.9989,0.9909,1,0.9529,0.9949,0.8889,0.8611
analcatdata_gsssexsurvey.arff,0.437,0.4264,0.4259,0.4969,0.5068,0.4146,0.4478,0.4266,0.5164,0.4251,0.5165,0.5308
analcatdata_gviolence.arff,0.9749,0.9632,0.9591,0.958,0.958,0.9734,0.9801,0.9711,0.958,0.9749,0.9651,0.9284
analcatdata_halloffame.arff,0.9506,0.9488,0.7962,0.8208,0.7826,0.9527,0.8936,0.949,0.8925,0.9466,0.7707,0.7498
analcatdata_japansolvent.arff,0.8311,0.8807,0.7281,0.7556,0.7222,0.8237,0.917,0.8778,0.4889,0.8637,0.7444,0.7844
analcatdata_lawsuit.arff,0.9657,0.9847,0.9596,0.946,0.9426,0.9918,0.9921,0.9828,0.9433,0.9698,0.8117,0.5526
analcatdata_marketing.arff,0.5087,0.4762,0.5288,0.5084,0.52,0.5208,0.5237,0.5076,0.4617,0.5551,0.5274,0.5133
analcatdata_michiganacc.arff,0.8151,0.816,0.6618,0.624,0.6878,0.7939,0.7743,0.8156,0.5738,0.7608,0.7167,0.725
analcatdata_neavote.arff,0.2788,0.3556,0.2949,0.3387,0.3387,0.3187,0.5346,0.2926,0.3387,0.3548,0.5,0.5
analcatdata_negotiation.arff,0.845,0.9242,0.8211,0.833,0.8135,0.9138,0.8677,0.9219,0.799,0.8572,0.824,0.708
analcatdata_olympic2000.arff,1,0.9665,0.9904,0.9848,0.9848,0.9991,0.9982,0.9656,0.9261,1,0.9091,0.803
analcatdata_reviewer.arff,0.488,0.488,0.488,0.488,0.488,0.488,0.4931,0.488,0.488,0.4908,0.5,0.5
analcatdata_runshoes.arff,0.7054,0.7917,0.6638,0.6719,0.7199,0.7951,0.7593,0.7905,0.6481,0.7164,0.7569,0.6667
analcatdata_seropositive.arff,0.9754,0.9618,0.9601,0.9295,0.9393,0.9724,0.9446,0.9613,0.9328,0.9741,0.9014,0.8529
analcatdata_supreme.arff,0.9979,0.9825,0.9992,0.9819,0.9855,0.9927,0.9894,0.9858,0.9854,0.9989,0.9846,0.985
analcatdata_uktrainacc.arff,0.838,1,0.7269,0.8241,0.838,0.9722,0.9722,1,0.6528,0.963,0.625,0.625
analcatdata_vehicle.arff,0.8713,0.881,0.8333,0.7681,0.8342,0.8765,0.9295,0.881,0.7707,0.8942,0.746,0.836
analcatdata_vineyard.arff,0.8818,0.883,0.8858,0.9005,0.879,0.8237,0.7864,0.865,0.8912,0.9471,0.7433,0.7433
analcatdata_wildcat.arff,0.7629,0.779,0.7496,0.6752,0.6603,0.7888,0.7948,0.8111,0.7903,0.8162,0.5805,0.5552
anneal.arff,0.9503,0.6253,0.9729,0.9802,0.8942,0.558,0.733,0.7229,0.9327,0.9898,0.4901,0.4937
AP_Breast_Kidney.arff,0.98,0.9682,0.9735,0.9314,0.946,0.9745,0.9808,0.9722,0.9669,0.9921,0.9677,0.9725
AP_Breast_Omentum.arff,0.9478,0.9511,0.925,0.8858,0.9124,0.94,0.9732,0.9498,0.9246,0.983,0.9444,0.9523
AP_Breast_Prostate.arff,0.9855,0.9855,0.9883,0.9911,0.9696,0.9964,0.9994,0.9855,0.9812,0.9992,0.9811,0.9841
AP_Colon_Kidney.arff,0.9906,0.9745,0.9882,0.9639,0.9572,0.9846,0.9867,0.9726,0.964,0.9982,0.9741,0.976
AP_Colon_Omentum.arff,0.9465,0.9265,0.9037,0.933,0.9193,0.876,0.9521,0.9223,0.899,0.9863,0.9093,0.8981
AP_Colon_Ovary.arff,0.9736,0.9482,0.9197,0.9096,0.9429,0.9399,0.9599,0.9483,0.9246,0.9858,0.9171,0.9341
AP_Colon_Prostate.arff,0.9765,0.9837,0.969,0.9604,0.9635,0.9748,0.9854,0.9837,0.9625,0.9987,0.9713,0.973
AP_Endometrium_Breast.arff,0.9638,0.9792,0.9619,0.8854,0.9203,0.9847,0.9877,0.9778,0.9101,0.9904,0.9643,0.9725
AP_Endometrium_Lung.arff,0.9523,0.955,0.9647,0.8361,0.8912,0.9532,0.966,0.9508,0.9031,0.9867,0.9598,0.9598
AP_Endometrium_Prostate.arff,0.9928,0.9928,0.9928,0.9918,0.9918,0.9928,0.9998,0.9928,0.9498,0.9995,0.9928,0.9928
AP_Lung_Uterus.arff,0.9522,0.9397,0.9323,0.9426,0.9311,0.949,0.9655,0.9476,0.9166,0.9842,0.9361,0.94
AP_Omentum_Kidney.arff,0.9595,0.98,0.9684,0.9483,0.9301,0.9766,0.996,0.982,0.968,0.9978,0.9709,0.9709
AP_Omentum_Lung.arff,0.9421,0.9249,0.9101,0.8782,0.8758,0.9104,0.9552,0.9369,0.8867,0.981,0.9087,0.9177
AP_Omentum_Ovary.arff,0.8114,0.7243,0.6614,0.6769,0.7293,0.5948,0.7117,0.7247,0.8371,0.8792,0.6804,0.693
AP_Omentum_Uterus.arff,0.929,0.8911,0.8862,0.7933,0.8269,0.9049,0.9177,0.8777,0.8542,0.9692,0.8777,0.8697
AP_Ovary_Uterus.arff,0.9564,0.8689,0.8727,0.8184,0.8669,0.8204,0.9231,0.862,0.875,0.9739,0.888,0.8981
AP_Prostate_Kidney.arff,0.9836,0.9836,0.987,0.9763,0.9675,0.9919,0.9957,0.9836,0.9688,0.9989,0.9817,0.9817
AP_Prostate_Uterus.arff,0.9855,0.9928,0.9977,0.9887,0.9855,0.9885,0.9988,0.9928,0.9771,0.9975,0.9928,0.9928
AP_Uterus_Kidney.arff,0.9921,0.9725,0.9781,0.9666,0.9678,0.9874,0.9932,0.9744,0.9641,0.9984,0.9883,0.9842
ar1.arff,0.5972,0.4742,0.7966,0.4271,0.5114,0.6761,0.5476,0.5655,0.4425,0.6731,0.5,0.5
ar4.arff,0.7753,0.7526,0.6477,0.7509,0.6503,0.8103,0.6466,0.7543,0.5925,0.771,0.6385,0.5885
ar5.arff,0.8482,0.8616,0.7098,0.7165,0.7991,0.7388,0.9286,0.875,0.7589,0.8281,0.8393,0.6071
ar6.arff,0.5128,0.4256,0.474,0.4229,0.4826,0.6128,0.4965,0.488,0.3911,0.5105,0.5333,0.5333
arsenic-female-bladder.arff,0.7603,0.7087,0.6235,0.5613,0.5281,0.7655,0.7064,0.8044,0.707,0.7406,0.5604,0.5542
arsenic-female-lung.arff,0.8796,0.8309,0.8444,0.4651,0.7368,0.8827,0.7791,0.7451,0.8919,0.875,0.8421,0.8421
arsenic-male-bladder.arff,0.8483,0.8144,0.8213,0.4477,0.676,0.8458,0.8161,0.8369,0.8453,0.8458,0.7708,0.7708
arsenic-male-lung.arff,1,1,1,0.4172,1,1,1,1,1,1,1,1
audiology.arff,0.983,0.9693,0.975,0.9405,0.9108,0.9331,0.9636,0.986,0.9644,0.9681,0.9296,0.9267
Australian.arff,0.9292,0.7624,0.8252,0.8902,0.8843,0.9301,0.9175,0.7859,0.9008,0.9373,0.8636,0.862
auto_price.arff,0.9758,0.9887,0.9309,0.9549,0.9302,0.9533,0.9841,0.9898,0.9265,0.994,0.9394,0.9397
auto93.arff,0.8446,0.8823,0.7889,0.8355,0.7665,0.7264,0.8172,0.8783,0.6601,0.8352,0.751,0.7081
autoHorse.arff,0.9961,0.9457,0.9453,0.9687,0.966,0.9688,0.9524,0.9584,0.9562,0.9972,0.893,0.8667
autoMpg.arff,0.9616,0.9651,0.9019,0.9237,0.8974,0.954,0.931,0.9649,0.9224,0.9628,0.8987,0.8868
autoPrice.arff,0.9758,0.9887,0.9309,0.9549,0.9302,0.9533,0.9841,0.9898,0.9265,0.994,0.9394,0.9397
autos.arff,0.913,0.822,0.9405,0.9564,0.8497,0.8663,0.8725,0.8219,0.8543,0.9474,0.8152,0.8188
backache.arff,0.6258,0.6321,0.5421,0.5394,0.504,0.5785,0.6077,0.6662,0.4796,0.5435,0.5071,0.4968
badges2.arff,1,1,1,1,1,1,1,1,1,1,1,1
balance-scale.arff,0.9997,0.9948,0.9797,0.8237,0.8817,0.9806,0.9764,0.9946,0.8905,0.9751,0.9494,0.9277
balloon.arff,0.9987,0.9641,0.9873,0.9935,0.9825,0.9742,0.9725,0.8894,0.9902,0.9995,0.877,0.8062
bank32nh.arff,0.8671,0.8734,0.6852,0.8155,0.7578,0.8865,0.8718,0.8684,0.8338,0.8696,0.7578,0.7534
bank8FM.arff,0.9836,0.9811,0.9032,0.9618,0.9412,0.9872,0.9858,0.973,0.9691,0.9836,0.9336,0.9294
baskball.arff,0.7182,0.7553,0.6194,0.6559,0.6746,0.7597,0.705,0.7551,0.6585,0.7178,0.7605,0.7499
biomed.arff,0.968,0.9484,0.7871,0.8745,0.8677,0.9596,0.934,0.9487,0.8556,0.9596,0.8568,0.8568
bodyfat.arff,0.996,0.9996,0.9784,0.9961,0.996,0.9996,0.9997,0.987,0.9912,0.9958,0.9679,0.9517
bolts.arff,0.908,0.9038,0.9093,0.8887,0.8915,0.8997,0.9066,0.9135,0.8544,0.9272,0.8352,0.7857
boston_corrected.arff,0.9447,0.9196,0.8245,0.8627,0.8604,0.9371,0.9207,0.9196,0.9152,0.9446,0.8613,0.8587
boston.arff,0.9227,0.867,0.7947,0.8537,0.8606,0.9294,0.9224,0.9301,0.8869,0.9105,0.8682,0.8617
breast-cancer.arff,0.6369,0.684,0.6601,0.5861,0.633,0.6367,0.6831,0.684,0.5902,0.6291,0.5532,0.5446
breast-w.arff,0.9908,0.9788,0.9766,0.9589,0.9661,0.9939,0.9703,0.9798,0.9634,0.9917,0.9619,0.963
breastTumor.arff,0.6478,0.6415,0.5687,0.4808,0.5588,0.6085,0.5991,0.6415,0.5545,0.5601,0.5929,0.6269
bridges.arff,0.8808,0.8608,0.8662,0.8203,0.8276,0.7266,0.7132,0.8626,0.4567,0.8575,0.7251,0.7251
cal_housing.arff,0.8796,0.8283,0.7528,0.871,0.8158,0.8319,0.8283,0.8203,0.8751,0.8713,0.7461,0.7434
car.arff,0.99,0.9903,0.9999,0.977,0.9632,0.9915,0.9716,0.9903,0.9835,0.9982,0.9489,0.9548
cars.arff,0.943,0.9075,0.894,0.9328,0.9105,0.9191,0.9085,0.8957,0.9472,0.9582,0.8588,0.8366
chatfield_4.arff,0.9449,0.955,0.8972,0.8881,0.8919,0.9657,0.9405,0.9551,0.9159,0.9608,0.9005,0.8428
cholesterol.arff,0.5556,0.5632,0.531,0.5531,0.593,0.5597,0.5629,0.5644,0.552,0.5296,0.556,0.556
chscase_adopt.arff,0.7269,0.804,0.7299,0.6512,0.6744,0.7762,0.8148,0.8241,0.3966,0.5386,0.5648,0.5231
chscase_census2.arff,0.5049,0.519,0.5046,0.4847,0.5004,0.5164,0.4968,0.4987,0.4917,0.4867,0.497,0.5008
chscase_census3.arff,0.4739,0.4589,0.4299,0.492,0.5029,0.5267,0.5133,0.5026,0.4803,0.4218,0.4982,0.5
chscase_census5.arff,0.4875,0.4989,0.4644,0.4895,0.4891,0.5154,0.4947,0.5032,0.4738,0.4561,0.5,0.5
chscase_census6.arff,0.4492,0.4874,0.5022,0.4871,0.4883,0.4875,0.4853,0.4772,0.5066,0.4821,0.5,0.5
chscase_funds.arff,0.6506,0.6677,0.6064,0.5914,0.6037,0.6866,0.6259,0.6704,0.4796,0.6668,0.6329,0.6189
chscase_geyser1.arff,0.9084,0.7841,0.9055,0.8285,0.8623,0.928,0.9188,0.9261,0.8843,0.9223,0.8695,0.8732
chscase_health.arff,0.4038,0.4038,0.4038,0.4038,0.4038,0.4038,0.4423,0.4038,0.4038,0.4038,0.5,0.5
chscase_vine1.arff,0.9293,0.7932,0.8318,0.8735,0.8571,0.8036,0.7902,0.808,0.7894,0.8921,0.8036,0.7202
chscase_vine2.arff,0.885,0.8063,0.8909,0.9076,0.8484,0.5008,0.569,0.8064,0.8741,0.9409,0.5,0.506
chscase_whale.arff,0.9782,0.9854,0.9782,0.9782,0.9782,0.9782,0.9782,0.9782,0.9782,0.9782,0.9872,0.9872
cleveland.arff,0.885,0.8891,0.775,0.81,0.8038,0.889,0.8601,0.8897,0.8051,0.87,0.8428,0.8336
cmc.arff,0.7434,0.7048,0.6691,0.7093,0.6956,0.6852,0.6914,0.7165,0.7132,0.6963,0.6135,0.6179
colic.arff,0.8634,0.8679,0.8603,0.8602,0.8377,0.8789,0.8823,0.9117,0.8812,0.9155,0.8551,0.86
colleges_aaup.arff,0.9987,0.9986,0.9819,0.9866,0.9641,0.9992,0.9794,0.9987,0.9742,0.9986,0.9826,0.9573
colleges_usnews.arff,0.7739,0.7516,0.616,0.692,0.7203,0.5651,0.4987,0.761,0.4963,0.6905,0.7013,0.7004
collins.arff,0.9926,0.985,0.9033,0.9926,0.9794,0.8728,0.8601,1,0.9872,1,0.6241,0.5
cpu_act.arff,0.9716,0.7789,0.8854,0.9215,0.9122,0.9771,0.9683,0.9577,0.9533,0.9796,0.9045,0.8879
cpu_small.arff,0.9652,0.868,0.8415,0.9241,0.8921,0.9486,0.9311,0.9265,0.9497,0.9718,0.856,0.8449
cpu.arff,0.9975,0.9929,0.9741,0.9697,0.9474,0.9891,0.996,0.9944,0.8945,0.9966,0.9717,0.9057
credit-a.arff,0.9281,0.7665,0.8261,0.8847,0.8831,0.9244,0.8814,0.9045,0.8774,0.9086,0.8581,0.8617
credit-g.arff,0.7529,0.7508,0.6784,0.7285,0.6478,0.755,0.7301,0.7503,0.7244,0.7236,0.6119,0.5748
cylinder-bands.arff,0.7515,0.6124,0.6837,0.4939,0.4572,0.7373,0.5038,0.7789,0.5685,0.7647,0.7551,0.7439
datatrieve.arff,0.5978,0.4339,0.6115,0.5195,0.6241,0.6291,0.6345,0.6421,0.4553,0.5898,0.5,0.5
delta_ailerons.arff,0.9618,0.9273,0.9295,0.9338,0.9339,0.9652,0.9503,0.9644,0.9512,0.9532,0.9352,0.9363
delta_elevators.arff,0.9412,0.858,0.8356,0.9124,0.8998,0.941,0.9405,0.9385,0.9253,0.9331,0.878,0.8796
diabetes_numeric.arff,0.6097,0.5079,0.5057,0.5656,0.6097,0.5837,0.5769,0.5577,0.5848,0.5701,0.5905,0.491
diabetes.arff,0.8249,0.819,0.6607,0.7838,0.7227,0.8214,0.8178,0.8214,0.7868,0.8018,0.7325,0.7132
diggle_table_a1.arff,0.5817,0.6339,0.5852,0.4304,0.5513,0.6513,0.5609,0.6357,0.4774,0.6122,0.6696,0.6896
diggle_table_a2.arff,1,0.9954,0.9901,0.9966,0.9966,1,1,0.9845,1,1,0.9897,0.8862
disclosure_x_bias.arff,0.5298,0.5227,0.5276,0.4931,0.5467,0.5349,0.5329,0.5429,0.5073,0.5397,0.4975,0.5
disclosure_x_noise.arff,0.5019,0.517,0.5422,0.4998,0.5091,0.5346,0.5177,0.5275,0.4523,0.5197,0.531,0.5323
disclosure_x_tampered.arff,0.4995,0.5135,0.5296,0.4919,0.487,0.5253,0.5104,0.535,0.4824,0.5328,0.5246,0.5156
disclosure_z.arff,0.5296,0.5052,0.5226,0.4939,0.5357,0.5218,0.5172,0.5338,0.5131,0.5496,0.5,0.5
echoMonths.arff,0.7731,0.7655,0.696,0.7509,0.7509,0.7908,0.784,0.7646,0.7824,0.7562,0.7973,0.7973
ecoli.arff,0.9848,0.9862,0.942,0.9432,0.9675,0.9903,0.9834,0.9878,0.9607,0.9851,0.9661,0.9609
electricity.arff,0.832,0.6456,0.6915,0.8447,0.7854,0.8018,0.7831,0.795,0.848,0.8842,0.7409,0.7368
elevators.arff,0.8172,0.7387,0.6808,0.7959,0.7406,0.8174,0.8142,0.7958,0.805,0.813,0.7024,0.7039
elusage.arff,0.9227,0.9691,0.881,0.8858,0.8858,0.9664,0.9261,0.9677,0.8985,0.9563,0.8683,0.9099
fl2000.arff,0.8208,0.7622,0.7711,0.7514,0.781,0.758,0.6932,0.6956,0.6979,0.8175,0.6731,0.6154
flags.arff,0.6365,0.6569,0.6365,0.4834,0.4834,0.6365,0.6338,0.6374,0.4834,0.4996,0.5,0.5
fri_c0_100_10.arff,0.6539,0.6473,0.6182,0.6398,0.6127,0.676,0.6816,0.6475,0.557,0.6141,0.6051,0.6323
fri_c0_100_25.arff,0.7818,0.8324,0.7,0.6646,0.6902,0.83,0.8284,0.8312,0.7378,0.7798,0.76,0.76
fri_c0_100_5.arff,0.8285,0.8833,0.6916,0.7097,0.6556,0.8527,0.8245,0.8837,0.7683,0.8444,0.7987,0.7721
fri_c0_100_50.arff,0.7323,0.8051,0.5892,0.7211,0.7215,0.7895,0.7531,0.8059,0.6509,0.6887,0.7199,0.6889
fri_c0_1000_10.arff,0.9472,0.9376,0.8498,0.8544,0.8467,0.9076,0.9026,0.9375,0.8553,0.9517,0.8386,0.8369
fri_c0_1000_25.arff,0.9547,0.9458,0.857,0.8412,0.8616,0.91,0.9041,0.9458,0.8744,0.9522,0.8349,0.8319
fri_c0_1000_5.arff,0.951,0.9467,0.851,0.8529,0.8561,0.9177,0.9164,0.9467,0.8699,0.9553,0.8422,0.844
fri_c0_1000_50.arff,0.9436,0.934,0.8639,0.8658,0.8595,0.9021,0.8959,0.934,0.8815,0.9599,0.8264,0.8308
fri_c0_250_10.arff,0.8652,0.8801,0.712,0.7981,0.8191,0.8606,0.8588,0.8801,0.8001,0.8613,0.792,0.792
fri_c0_250_25.arff,0.9037,0.8441,0.7641,0.8211,0.82,0.8751,0.852,0.9027,0.79,0.927,0.8042,0.8002
fri_c0_250_5.arff,0.904,0.8993,0.8,0.813,0.8431,0.8716,0.8569,0.8989,0.8035,0.907,0.788,0.796
fri_c0_250_50.arff,0.8698,0.8923,0.7687,0.8396,0.7878,0.8934,0.8888,0.8917,0.8247,0.8787,0.8212,0.8158
fri_c0_500_10.arff,0.9033,0.8889,0.7392,0.8337,0.7957,0.8847,0.8764,0.8889,0.8533,0.8856,0.813,0.809
fri_c0_500_25.arff,0.9398,0.9337,0.8177,0.8125,0.8232,0.893,0.8747,0.9338,0.8048,0.9394,0.8144,0.798
fri_c0_500_5.arff,0.9159,0.9097,0.8219,0.8361,0.8393,0.8923,0.868,0.911,0.8059,0.9312,0.81,0.794
fri_c0_500_50.arff,0.9264,0.9133,0.7841,0.8633,0.8265,0.9173,0.903,0.9279,0.8548,0.9163,0.8522,0.8522
fri_c1_100_10.arff,0.8368,0.7017,0.8099,0.7389,0.7338,0.6909,0.7354,0.7005,0.7228,0.8788,0.7734,0.7533
fri_c1_100_25.arff,0.832,0.5753,0.764,0.8324,0.7818,0.5472,0.655,0.5745,0.8254,0.884,0.6269,0.6174
fri_c1_100_5.arff,0.7671,0.7402,0.6899,0.7402,0.7194,0.644,0.6364,0.7418,0.7442,0.7958,0.7051,0.6657
fri_c1_100_50.arff,0.6485,0.7011,0.6932,0.6045,0.6912,0.7074,0.6341,0.7015,0.6508,0.7346,0.655,0.6461
fri_c1_1000_10.arff,0.9701,0.7361,0.8535,0.8973,0.9009,0.744,0.7509,0.739,0.9149,0.9757,0.6576,0.6674
fri_c1_1000_25.arff,0.9618,0.7062,0.8577,0.9003,0.8994,0.7126,0.7012,0.7118,0.9212,0.969,0.6295,0.6286
fri_c1_1000_5.arff,0.9582,0.7058,0.8678,0.893,0.9062,0.7045,0.677,0.7058,0.9035,0.9767,0.6343,0.6298
fri_c1_1000_50.arff,0.9727,0.7363,0.8419,0.899,0.9093,0.7291,0.7224,0.7432,0.9139,0.9747,0.645,0.6659
fri_c1_250_10.arff,0.9437,0.7299,0.8929,0.8766,0.8279,0.7373,0.7009,0.7303,0.8514,0.9506,0.6474,0.6581
fri_c1_250_25.arff,0.9367,0.6613,0.8577,0.8452,0.8299,0.6341,0.7002,0.6613,0.8843,0.9505,0.5774,0.5623
fri_c1_250_5.arff,0.9463,0.7283,0.8912,0.8648,0.8353,0.7047,0.7194,0.7281,0.859,0.9629,0.6464,0.6434
fri_c1_250_50.arff,0.9573,0.757,0.8651,0.8944,0.8614,0.7574,0.7028,0.7573,0.8498,0.963,0.6705,0.6689
fri_c1_500_10.arff,0.9531,0.7271,0.8748,0.9089,0.8888,0.7333,0.7168,0.7325,0.9015,0.9655,0.6619,0.6666
fri_c1_500_25.arff,0.9487,0.7571,0.8835,0.8426,0.851,0.7472,0.7187,0.7571,0.8823,0.9493,0.693,0.6913
fri_c1_500_5.arff,0.9446,0.7202,0.8888,0.876,0.8759,0.7244,0.7567,0.7201,0.8827,0.9496,0.7115,0.7198
fri_c1_500_50.arff,0.9369,0.6835,0.852,0.8778,0.8914,0.6659,0.7248,0.6837,0.8934,0.9486,0.647,0.652
fri_c2_100_10.arff,0.8933,0.7693,0.8071,0.7651,0.7283,0.7616,0.7986,0.7697,0.7812,0.8925,0.8141,0.8101
fri_c2_100_25.arff,0.8166,0.8156,0.8164,0.7621,0.8297,0.807,0.8248,0.8154,0.8048,0.8533,0.8252,0.8427
fri_c2_100_5.arff,0.8165,0.7133,0.6917,0.66,0.6808,0.7146,0.7342,0.7154,0.7548,0.8054,0.7792,0.7375
fri_c2_100_50.arff,0.8968,0.8292,0.9007,0.8237,0.8335,0.8165,0.8313,0.8288,0.8268,0.9181,0.8715,0.892
fri_c2_1000_10.arff,0.9546,0.7342,0.8661,0.9065,0.9035,0.7409,0.7933,0.7342,0.9224,0.9594,0.7667,0.7784
fri_c2_1000_25.arff,0.9642,0.7376,0.8928,0.9129,0.8959,0.743,0.8103,0.7377,0.9176,0.9665,0.7722,0.778
fri_c2_1000_5.arff,0.9696,0.7761,0.8863,0.9221,0.9251,0.7904,0.8286,0.7762,0.9177,0.9738,0.7829,0.786
fri_c2_1000_50.arff,0.9618,0.7591,0.8344,0.9002,0.8871,0.7678,0.8096,0.7591,0.9103,0.9694,0.7501,0.7371
fri_c2_250_10.arff,0.9366,0.8012,0.8626,0.8758,0.858,0.8037,0.8331,0.8009,0.8719,0.9354,0.8468,0.839
fri_c2_250_25.arff,0.9266,0.5466,0.7615,0.8555,0.8223,0.7079,0.7695,0.7083,0.8327,0.909,0.792,0.783
fri_c2_250_5.arff,0.9136,0.7162,0.8448,0.8409,0.8822,0.7429,0.7806,0.716,0.8298,0.9262,0.7977,0.8003
fri_c2_250_50.arff,0.891,0.6949,0.8172,0.8185,0.8185,0.6886,0.7573,0.6922,0.7744,0.8986,0.787,0.7833
fri_c2_500_10.arff,0.9486,0.7406,0.8739,0.9103,0.8999,0.7399,0.8135,0.7407,0.8977,0.9613,0.8033,0.808
fri_c2_500_25.arff,0.9175,0.6648,0.8256,0.856,0.8614,0.6675,0.742,0.6648,0.8561,0.9163,0.7406,0.7337
fri_c2_500_5.arff,0.9318,0.7214,0.8463,0.8711,0.8586,0.7308,0.7724,0.7235,0.8873,0.9286,0.7383,0.7649
fri_c2_500_50.arff,0.9378,0.7713,0.8279,0.9099,0.9022,0.76,0.8362,0.7713,0.8912,0.9514,0.7902,0.7938
fri_c3_100_10.arff,0.6646,0.5221,0.6042,0.6079,0.5971,0.6067,0.6192,0.6033,0.5933,0.6435,0.5083,0.5083
fri_c3_100_25.arff,0.7186,0.3842,0.6727,0.6242,0.6416,0.4869,0.5509,0.4162,0.6646,0.7475,0.5,0.5
fri_c3_100_5.arff,0.8218,0.6128,0.6818,0.7045,0.6457,0.6274,0.6098,0.6138,0.6516,0.7997,0.582,0.5633
fri_c3_100_50.arff,0.9128,0.775,0.8514,0.8432,0.7383,0.7317,0.636,0.7767,0.8103,0.9177,0.7037,0.6855
fri_c3_1000_10.arff,0.9572,0.6992,0.8781,0.9159,0.8746,0.7082,0.7016,0.7047,0.9197,0.9664,0.6324,0.6492
fri_c3_1000_25.arff,0.9683,0.7278,0.8962,0.9274,0.9023,0.7294,0.7215,0.7278,0.9205,0.9744,0.6723,0.6749
fri_c3_1000_5.arff,0.9572,0.7124,0.8648,0.8759,0.894,0.7152,0.7071,0.7123,0.8995,0.9618,0.6382,0.6428
fri_c3_1000_50.arff,0.9574,0.7335,0.8421,0.8911,0.8699,0.7265,0.7226,0.7145,0.8725,0.968,0.6548,0.6563
fri_c3_250_10.arff,0.9654,0.675,0.8625,0.8827,0.8802,0.6785,0.6628,0.6875,0.8704,0.9647,0.5776,0.5831
fri_c3_250_25.arff,0.9266,0.6954,0.8236,0.8617,0.8199,0.6876,0.6495,0.6954,0.8509,0.91,0.6038,0.5912
fri_c3_250_5.arff,0.9159,0.7429,0.8413,0.8379,0.8334,0.7321,0.7273,0.7292,0.8,0.9212,0.6476,0.6586
fri_c3_250_50.arff,0.9533,0.6562,0.8335,0.8868,0.8353,0.6775,0.6281,0.6826,0.85,0.9494,0.638,0.6288
fri_c3_500_10.arff,0.9587,0.6975,0.9083,0.8805,0.8454,0.7013,0.6875,0.6975,0.9045,0.9645,0.6319,0.629
fri_c3_500_25.arff,0.9559,0.7072,0.8714,0.8819,0.8678,0.716,0.7125,0.7073,0.8774,0.9598,0.6289,0.6289
fri_c3_500_5.arff,0.9447,0.6575,0.8706,0.8711,0.863,0.6989,0.6569,0.6675,0.8744,0.9478,0.6428,0.6437
fri_c3_500_50.arff,0.9479,0.7259,0.8828,0.8662,0.8566,0.7111,0.7061,0.7277,0.8525,0.961,0.654,0.651
fri_c4_100_10.arff,0.7748,0.6929,0.6776,0.7457,0.669,0.6845,0.7555,0.6933,0.7158,0.8099,0.7202,0.6977
fri_c4_100_100.arff,0.7929,0.7963,0.6305,0.7973,0.7425,0.7961,0.7762,0.7953,0.7826,0.7788,0.7403,0.7509
fri_c4_100_25.arff,0.8835,0.7717,0.7862,0.7355,0.7252,0.7335,0.7069,0.7721,0.6729,0.9404,0.653,0.6546
fri_c4_100_50.arff,0.8381,0.6138,0.6818,0.7841,0.7192,0.653,0.6565,0.6165,0.7202,0.8062,0.6063,0.5162
fri_c4_1000_10.arff,0.9599,0.7075,0.8649,0.9026,0.8777,0.7131,0.7054,0.7075,0.9175,0.9601,0.6313,0.631
fri_c4_1000_100.arff,0.9684,0.7133,0.9094,0.9343,0.899,0.7225,0.7181,0.7143,0.9089,0.9747,0.6452,0.6524
fri_c4_1000_25.arff,0.9575,0.6963,0.8774,0.9052,0.8674,0.6979,0.6951,0.6964,0.8837,0.9573,0.642,0.6373
fri_c4_1000_50.arff,0.9582,0.7094,0.8726,0.9002,0.886,0.7188,0.7082,0.7034,0.8935,0.9625,0.6427,0.6334
fri_c4_250_10.arff,0.9225,0.7143,0.8093,0.8222,0.7839,0.6976,0.6712,0.7083,0.8089,0.9203,0.6541,0.6578
fri_c4_250_100.arff,0.9356,0.7348,0.8331,0.7975,0.8472,0.7086,0.7281,0.7351,0.8219,0.944,0.6302,0.6328
fri_c4_250_25.arff,0.9358,0.712,0.816,0.8698,0.8301,0.7031,0.7056,0.7191,0.868,0.9454,0.6182,0.6079
fri_c4_250_50.arff,0.8985,0.6679,0.7728,0.7743,0.7583,0.6185,0.7179,0.6435,0.7887,0.9004,0.6625,0.6699
fri_c4_500_10.arff,0.9579,0.7038,0.8647,0.8456,0.8337,0.7125,0.6939,0.7104,0.8465,0.9517,0.6553,0.655
fri_c4_500_100.arff,0.9568,0.7483,0.8733,0.884,0.8758,0.7454,0.7239,0.7485,0.8872,0.9593,0.644,0.65
fri_c4_500_25.arff,0.9427,0.7278,0.8207,0.895,0.8532,0.7206,0.7213,0.728,0.8826,0.9404,0.6198,0.6434
fri_c4_500_50.arff,0.9535,0.7105,0.8558,0.8683,0.8494,0.7092,0.6917,0.7104,0.8847,0.9577,0.6683,0.6616
fried.arff,0.9652,0.9228,0.8975,0.9261,0.9273,0.9159,0.9052,0.9453,0.9456,0.9819,0.8381,0.8388
fruitfly.arff,0.4315,0.4527,0.4288,0.4748,0.4748,0.4315,0.4549,0.4342,0.4748,0.4267,0.5,0.5
gina_agnostic.arff,0.9098,0.8386,0.8846,0.8851,0.9039,0.9268,0.8683,0.8749,0.914,0.9649,0.8607,0.8614
gina_prior.arff,0.9103,0.8365,0.8839,0.8842,0.8966,0.926,0.8623,0.877,0.9139,0.9649,0.8585,0.8577
glass.arff,0.7667,0.5064,0.7112,0.6575,0.6686,0.5944,0.5999,0.6058,0.7266,0.78,0.5,0.5
haberman.arff,0.6705,0.4889,0.5433,0.5627,0.6093,0.6564,0.5844,0.6588,0.5137,0.5957,0.5383,0.4978
hayes-roth.arff,0.9351,0.5965,0.9314,0.8249,0.7215,0.7843,0.6921,0.785,0.7444,0.9254,0.7088,0.6445
heart-c.arff,0.8805,0.893,0.7342,0.8193,0.8131,0.8937,0.8518,0.8932,0.8342,0.8698,0.8337,0.8362
heart-statlog.arff,0.8663,0.8728,0.7675,0.804,0.7979,0.8802,0.82,0.8763,0.8226,0.8596,0.8242,0.8142
hepatitis.arff,0.8341,0.868,0.7111,0.6416,0.6405,0.8595,0.7661,0.868,0.7727,0.8407,0.7168,0.6822
hip.arff,0.8805,0.8956,0.5838,0.7576,0.6696,0.8929,0.794,0.8791,0.7315,0.875,0.8324,0.8132
house_16H.arff,0.9239,0.7395,0.7592,0.8785,0.8362,0.8609,0.8384,0.8314,0.9045,0.9427,0.7486,0.7199
house_8L.arff,0.9251,0.8603,0.7784,0.9103,0.8379,0.8867,0.8743,0.8612,0.9104,0.9349,0.7923,0.7575
houses.arff,0.996,0.9892,0.9953,0.9925,0.9777,0.9954,0.9832,0.9953,0.9934,0.9942,0.9582,0.9585
housing.arff,0.9227,0.867,0.7947,0.8537,0.8606,0.9294,0.9224,0.9301,0.8869,0.9105,0.8682,0.8617
humandevel.arff,0.9265,0.9609,0.8781,0.8431,0.8749,0.9586,0.9581,0.9605,0.8624,0.9525,0.8769,0.8692
hungarian.arff,0.8966,0.9081,0.8404,0.7835,0.7786,0.8948,0.8601,0.9106,0.8534,0.874,0.7776,0.8065
hutsof99_child_witness.arff,0.5329,0.6553,0.5259,0.4741,0.4753,0.64,0.6118,0.6447,0.5294,0.6012,0.6447,0.5871
hutsof99_logis.arff,0.712,0.7909,0.6569,0.5952,0.6675,0.7794,0.7075,0.7933,0.6475,0.7525,0.6838,0.6838
hypothyroid.arff,0.9922,0.986,0.8288,0.9855,0.9841,0.9695,0.7973,0.9042,0.9857,0.9886,0.6599,0.5614
ionosphere.arff,0.9642,0.9319,0.8915,0.9081,0.8867,0.8644,0.8514,0.9384,0.9076,0.9798,0.8327,0.8371
iris.arff,1,1,1,0.98,1,1,1,1,1,1,1,1
irish.arff,1,1,0.9944,1,1,0.9896,1,0.9996,1,0.9997,0.9892,0.9892
jEdit_4.0_4.2.arff,0.8042,0.7183,0.6888,0.7457,0.7524,0.7767,0.7852,0.7122,0.7307,0.8361,0.6711,0.6484
jEdit_4.2_4.3.arff,0.6905,0.6231,0.6268,0.6573,0.6373,0.6626,0.6512,0.6267,0.7019,0.7234,0.611,0.5923
jm1.arff,0.7164,0.5792,0.628,0.6639,0.5692,0.713,0.6878,0.666,0.699,0.7451,0.5021,0.5002
kc1-binary.arff,0.7814,0.8283,0.6771,0.7223,0.7232,0.8053,0.7893,0.8275,0.7437,0.8019,0.724,0.7098
kc1-top5.arff,0.6779,0.391,0.6154,0.4745,0.5274,0.6893,0.5639,0.745,0.4644,0.7897,0.6177,0.4964
kc1.arff,0.7829,0.4957,0.6853,0.7401,0.6046,0.7918,0.7675,0.7469,0.7687,0.8135,0.5226,0.501
kc3.arff,0.7744,0.4727,0.7614,0.6939,0.6221,0.7412,0.7283,0.8169,0.718,0.7711,0.5221,0.5
kdd_el_nino-small.arff,0.9719,0.8608,0.8476,0.9641,0.9148,0.9346,0.9059,0.9436,0.9595,0.977,0.8237,0.8007
kdd_internet_usage.arff,0.9237,0.9145,0.9072,0.9108,0.8405,0.9244,0.853,0.9201,0.915,0.9136,0.8395,0.8395
kdd_ipums_la_97-small.arff,0.9767,0.9674,0.9639,0.9666,0.9666,0.9778,0.9753,0.9762,0.9726,0.9734,0.9698,0.9698
kdd_ipums_la_98-small.arff,0.8308,0.6198,0.834,0.6119,0.523,0.8253,0.83,0.7784,0.8242,0.8297,0.5,0.5
kdd_synthetic_control.arff,0.995,1,1,0.9888,0.97,1,1,1,0.9639,1,1,1
kidney.arff,0.8424,0.7729,0.6247,0.7892,0.6354,0.7076,0.725,0.7819,0.7448,0.7667,0.6653,0.5792
kin8nm.arff,0.8188,0.7551,0.777,0.813,0.7981,0.8114,0.8015,0.8168,0.8276,0.914,0.7306,0.7345
kr-vs-kp.arff,0.971,0.9616,0.97,0.9594,0.9406,0.9695,0.9712,0.967,0.9588,0.9699,0.9399,0.9396
labor.arff,0.8473,0.9216,0.7419,0.7135,0.775,0.9432,0.8649,0.9351,0.7007,0.9122,0.8345,0.8095
letter.arff,0.961,0.9208,0.9743,0.9581,0.8896,0.8701,0.6383,0.9586,0.9716,0.9792,0.5,0.5
leukemia.arff,0.98,0.98,0.9826,0.8566,0.8145,0.937,0.9796,0.98,0.9383,0.9966,0.9694,0.9694
lowbwt.arff,0.8902,0.851,0.8571,0.8517,0.8487,0.8411,0.8336,0.8502,0.8267,0.8913,0.8444,0.8444
lung-cancer.arff,0.5968,0.7772,0.7059,0.656,0.5989,0.5609,0.6072,0.7772,0.5949,0.6981,0.5,0.7167
lupus.arff,0.7393,0.8401,0.6258,0.6871,0.692,0.8418,0.8038,0.8404,0.7637,0.6813,0.7277,0.7566
lymph.arff,0.9104,0.8689,0.9047,0.8104,0.8067,0.8988,0.8566,0.899,0.8419,0.9168,0.8029,0.8042
lymphoma_2classes.arff,0.9783,1,0.9516,0.7204,0.9121,1,1,1,0.663,0.9842,1,0.9555
machine_cpu.arff,0.9713,0.968,0.9209,0.9278,0.8802,0.9785,0.9541,0.9747,0.932,0.9722,0.8944,0.8628
MagicTelescope.arff,0.8535,0.8356,0.7503,0.8651,0.7875,0.8195,0.8175,0.7955,0.8642,0.8876,0.7405,0.7387
mammography.arff,0.8997,0.8319,0.7005,0.8111,0.7563,0.8951,0.8935,0.896,0.8374,0.8329,0.5998,0.5384
mbagrade.arff,0.5814,0.5517,0.5474,0.5345,0.5431,0.5528,0.5571,0.5463,0.5291,0.5523,0.6115,0.6255
mc1.arff,0.93,0.7917,0.8984,0.7961,0.6091,0.8654,0.6047,0.8556,0.8619,0.8845,0.5,0.5
mc2.arff,0.5881,0.6261,0.6511,0.5616,0.5715,0.6486,0.5946,0.6247,0.63,0.6573,0.6067,0.5778
meta.arff,0.8865,0.4753,0.6544,0.4753,0.6629,0.7659,0.7876,0.8071,0.6981,0.8798,0.6746,0.6222
mfeat-factors.arff,0.9945,0.9913,0.9818,0.979,0.9693,0.9966,0.9847,0.9913,0.9666,0.9963,0.9797,0.98
mfeat-karhunen.arff,0.9925,0.9829,0.9895,0.9073,0.9217,0.9936,0.982,0.9829,0.9338,0.993,0.9656,0.9533
mfeat-morphological.arff,0.9933,0.9886,0.992,0.9886,0.9827,0.9986,0.9899,0.9909,0.987,0.9923,0.9925,0.9925
mfeat-pixel.arff,0.9948,0.9875,0.9888,0.9762,0.9699,0.9599,0.9772,0.9875,0.987,0.9987,0.9728,0.9747
mfeat-zernike.arff,0.9941,0.9876,0.9723,0.9285,0.9665,0.995,0.9801,0.9875,0.9504,0.993,0.9706,0.9608
molecular-biology_promoters.arff,0.4542,0.4542,0.4542,0.4542,0.4542,0.4542,0.483,0.4542,0.4542,0.4542,0.5,0.5
monks-problems-1.arff,0.7217,0.699,0.6538,0.6838,0.713,0.7045,0.7209,0.7111,0.6838,0.6528,0.7464,0.7464
monks-problems-2.arff,0.532,0.491,0.4954,0.491,0.4969,0.5254,0.6311,0.5239,0.4696,0.5017,0.5,0.5
monks-problems-3.arff,0.9801,0.9785,0.986,0.9893,0.9814,0.9832,0.9884,0.9785,0.9889,0.9895,0.9802,0.9698
mozilla4.arff,0.9555,0.9376,0.933,0.9424,0.8971,0.8947,0.9052,0.8744,0.9563,0.9705,0.8326,0.8357
mu284.arff,0.9965,0.9363,0.9901,0.9965,0.993,0.9999,1,0.9935,0.9915,1,0.9894,0.993
mushroom.arff,0.9921,0.9923,0.9931,0.9923,0.9878,0.9925,0.9921,0.9912,0.9918,0.9931,0.9898,0.9898
musk.arff,0.9603,1,1,1,0.9996,1,1,1,1,1,0.999,0.999
newton_hema.arff,0.8249,0.8263,0.8238,0.8266,0.7722,0.8524,0.8055,0.8263,0.8368,0.8832,0.7786,0.7714
no2.arff,0.6655,0.5669,0.6341,0.5752,0.5971,0.6147,0.5993,0.6224,0.6616,0.6917,0.5725,0.5586
nursery.arff,1,1,1,1,1,1,1,1,1,1,1,1
oil_spill.arff,0.8951,0.5356,0.6978,0.7361,0.6528,0.8875,0.8313,0.8584,0.7607,0.8906,0.5111,0.5
optdigits.arff,0.9927,0.8747,0.9626,0.9568,0.9469,0.9921,0.9593,0.9809,0.9587,0.9957,0.9463,0.9379
OVA_Breast.arff,0.9764,0.9542,0.9333,0.9001,0.9405,0.891,0.956,0.954,0.9398,0.9787,0.9431,0.9584
OVA_Endometrium.arff,0.9267,0.4918,0.6214,0.5441,0.6411,0.6925,0.8071,0.8853,0.6544,0.9504,0.6784,0.6507
OVA_Ovary.arff,0.9521,0.8575,0.7244,0.7712,0.852,0.8834,0.8671,0.869,0.8942,0.966,0.8084,0.8174
OVA_Uterus.arff,0.9411,0.6869,0.7391,0.6153,0.7924,0.7571,0.8211,0.8785,0.7427,0.9379,0.7533,0.7584
page-blocks.arff,0.9824,0.9345,0.8639,0.9592,0.9154,0.8948,0.8774,0.9088,0.9512,0.991,0.7298,0.7202
pasture.arff,0.8594,0.8785,0.9306,0.8455,0.7222,0.7569,0.8646,0.8785,0.691,0.9097,0.8958,0.9167
pbc.arff,0.7651,0.752,0.6164,0.7122,0.6799,0.7726,0.7671,0.7481,0.6975,0.6784,0.7141,0.6788
pbcseq.arff,0.7808,0.5588,0.706,0.7073,0.7137,0.6554,0.507,0.7558,0.5576,0.685,0.6678,0.673
pc1_req.arff,0.4939,0.4868,0.4841,0.4853,0.4937,0.4831,0.4762,0.4604,0.4853,0.4863,0.5,0.5
pc1.arff,0.8207,0.4856,0.7322,0.7353,0.6171,0.7422,0.6588,0.6768,0.7331,0.8538,0.5,0.5
pc2.arff,0.8455,0.7048,0.7307,0.4541,0.467,0.8054,0.7704,0.8036,0.4902,0.6962,0.5,0.5
pc3.arff,0.8066,0.4993,0.6543,0.6491,0.5499,0.7934,0.8016,0.7869,0.7065,0.8306,0.5,0.5
pc4.arff,0.9069,0.6541,0.84,0.84,0.6295,0.8244,0.779,0.807,0.8749,0.9038,0.5462,0.5165
pendigits.arff,0.9945,0.9712,0.9426,0.9847,0.9604,0.9929,0.9852,0.9824,0.9827,0.9951,0.9496,0.9538
pharynx.arff,0.753,0.7228,0.7029,0.7267,0.7407,0.778,0.5339,0.7228,0.4817,0.4511,0.783,0.783
plasma_retinol.arff,0.4946,0.4963,0.4881,0.4827,0.4594,0.5122,0.5161,0.5052,0.46,0.5089,0.5207,0.5234
pm10.arff,0.4883,0.5411,0.5117,0.4904,0.5051,0.4397,0.4776,0.5143,0.5169,0.526,0.5,0.5007
pol.arff,0.9784,0.9536,0.9575,0.9799,0.9487,0.9218,0.8949,0.9256,0.9824,0.9862,0.8391,0.8415
pollen.arff,0.4963,0.4929,0.4934,0.4988,0.4867,0.489,0.4917,0.4782,0.503,0.4908,0.4997,0.4948
pollution.arff,0.8476,0.8059,0.7859,0.6518,0.7681,0.8176,0.7842,0.8087,0.7108,0.8604,0.7848,0.787
postoperative-patient-data.arff,0.317,0.3996,0.4555,0.4351,0.4333,0.3474,0.412,0.354,0.4219,0.4657,0.4766,0.4766
primary-tumor.arff,0.8606,0.8468,0.8519,0.724,0.7366,0.8274,0.7868,0.8635,0.7772,0.8496,0.6994,0.7093
prnn_fglass.arff,0.7584,0.6033,0.6359,0.7134,0.704,0.6013,0.5852,0.6607,0.7121,0.7523,0.5023,0.5
prnn_synth.arff,0.9403,0.9318,0.864,0.8257,0.8284,0.9307,0.9165,0.9316,0.8389,0.9237,0.848,0.848
profb.arff,0.6163,0.5765,0.5823,0.4866,0.5148,0.6337,0.6288,0.6407,0.5647,0.5995,0.5078,0.5022
puma32H.arff,0.6582,0.608,0.5461,0.651,0.6545,0.6688,0.6676,0.6687,0.6531,0.5873,0.6546,0.6548
puma8NH.arff,0.8334,0.8742,0.7717,0.874,0.8515,0.8559,0.8698,0.8564,0.8857,0.8915,0.8278,0.8277
pwLinear.arff,0.9057,0.9108,0.9103,0.8425,0.827,0.9091,0.8919,0.7422,0.8275,0.91,0.8147,0.8292
pyrim.arff,0.9141,0.8151,0.9066,0.8571,0.7809,0.8676,0.8473,0.8503,0.8053,0.8923,0.8173,0.7277
quake.arff,0.4895,0.4915,0.5218,0.4992,0.4854,0.4622,0.4696,0.4654,0.5096,0.5212,0.5,0.5
rabe_131.arff,1,1,1,0.9762,0.9762,1,1,1,1,1,0.9828,0.9828
rabe_148.arff,0.9679,0.9945,0.9559,0.8976,0.9256,0.9509,0.9725,0.9963,0.9417,0.9894,0.9545,0.9545
rabe_166.arff,0.9737,0.9925,0.9737,0.9762,0.9737,1,1,0.9925,0.9499,1,0.9261,0.9261
rabe_176.arff,0.498,0.5939,0.5343,0.5376,0.5633,0.6073,0.5657,0.5914,0.4661,0.5686,0.5143,0.5571
rabe_265.arff,0.6849,0.5857,0.6532,0.5357,0.5579,0.6746,0.6079,0.5683,0.5294,0.6603,0.6405,0.5548
rabe_266.arff,0.9351,0.9609,0.9411,0.8595,0.87,0.9592,0.9411,0.9609,0.8713,0.9412,0.9094,0.9094
rabe_97.arff,0.7886,0.7962,0.8695,0.7971,0.8076,0.8305,0.8581,0.7905,0.7981,0.8705,0.7333,0.801
rmftsa_ctoarrivals.arff,0.9871,0.9872,0.939,0.9487,0.9123,0.9885,0.9654,0.9874,0.9674,0.9856,0.937,0.9253
rmftsa_ladata.arff,0.9455,0.8879,0.8225,0.8565,0.8852,0.947,0.9367,0.9293,0.8919,0.9423,0.8665,0.8534
rmftsa_sleepdata.arff,0.7545,0.7557,0.7632,0.7111,0.7193,0.7682,0.7576,0.7671,0.7209,0.7654,0.6717,0.6756
scene.arff,0.9807,0.4984,0.9253,0.8962,0.8804,0.9779,0.9577,0.88,0.9247,0.9635,0.919,0.9246
schizo.arff,0.8245,0.5088,0.7953,0.8982,0.9517,0.4992,0.5046,0.5181,0.9511,0.9944,0.5103,0.5072
schlvote.arff,0.6054,0.5732,0.6464,0.5964,0.6286,0.7964,0.7321,0.6393,0.6036,0.7696,0.5,0.5
segment.arff,0.998,0.9849,0.9738,0.9876,0.9795,0.8955,0.9388,0.9792,0.9796,0.9958,0.7076,0.6914
sensory.arff,0.6788,0.6791,0.7631,0.7288,0.6662,0.6795,0.6407,0.6791,0.7062,0.7434,0.6263,0.6263
servo.arff,0.9352,0.9352,0.9352,0.9352,0.9352,0.9352,0.9356,0.9352,0.9352,0.9358,0.9535,0.9535
shuttle-landing-control.arff,0.7407,0.5926,0.7593,0.2315,0.2315,0.6481,0.7037,0.7037,0.3333,0.6852,0.3889,0.4722
sick.arff,0.9571,0.9351,0.8647,0.9205,0.9021,0.9394,0.8972,0.9347,0.9184,0.9423,0.649,0.5
sleep.arff,0.6907,0.7346,0.6353,0.6897,0.6729,0.7461,0.7059,0.7398,0.6677,0.7095,0.6808,0.6118
sleuth_case1102.arff,0.4333,0.4667,0.4246,0.3298,0.3544,0.4246,0.414,0.4088,0.3439,0.4316,0.3895,0.3825
sleuth_case1201.arff,0.9375,0.9888,0.9022,0.8886,0.9215,0.9856,0.9872,0.9888,0.488,0.972,0.9391,0.9391
sleuth_case1202.arff,0.846,0.8938,0.7675,0.8136,0.8358,0.9001,0.8777,0.8925,0.816,0.8579,0.8114,0.8289
sleuth_case2002.arff,0.6747,0.7217,0.6419,0.6471,0.6435,0.7401,0.6858,0.7205,0.633,0.6717,0.6667,0.6901
sleuth_ex1221.arff,0.7449,0.7117,0.762,0.7277,0.7471,0.7391,0.7483,0.7277,0.4291,0.6705,0.5938,0.659
sleuth_ex1605.arff,0.7945,0.8595,0.653,0.7071,0.7216,0.8564,0.8439,0.8491,0.7633,0.7986,0.7581,0.7742
sleuth_ex1714.arff,0.8981,0.9,0.8269,0.9176,0.8917,0.8972,0.9,0.9,0.925,0.9333,0.8009,0.7759
sleuth_ex2015.arff,0.697,0.7806,0.6167,0.6322,0.6319,0.77,0.7071,0.7917,0.6134,0.6487,0.75,0.7333
sleuth_ex2016.arff,0.8106,0.8058,0.7293,0.7244,0.7246,0.7735,0.6963,0.809,0.6976,0.7754,0.6563,0.6794
socmob.arff,0.9657,0.7799,0.9279,0.9028,0.8866,0.9698,0.9293,0.9626,0.9049,0.9459,0.8236,0.799
solar-flare.arff,0.4516,0.4209,0.516,0.3454,0.4191,0.4186,0.4085,0.6774,0.3454,0.5952,0.5,0.5
sonar.arff,0.8437,0.7985,0.8535,0.7707,0.7551,0.8413,0.8089,0.7943,0.7278,0.8787,0.7392,0.7592
space_ga.arff,0.8275,0.7333,0.6905,0.8021,0.7698,0.7987,0.7954,0.8023,0.8154,0.8102,0.7226,0.7317
spambase.arff,0.9751,0.6321,0.9114,0.9501,0.9238,0.9664,0.9579,0.9462,0.9581,0.9782,0.8876,0.8451
SPECT.arff,0.842,0.8255,0.7924,0.7756,0.6808,0.8414,0.768,0.8478,0.7554,0.8161,0.7326,0.7212
SPECTF.arff,0.9111,0.8844,0.8419,0.8502,0.8088,0.8817,0.8508,0.8861,0.8133,0.9706,0.7502,0.7555
spectrometer.arff,0.9921,0.9664,0.885,0.8388,0.8952,0.9952,0.9925,0.9663,0.9028,0.991,0.8654,0.5636
splice.arff,0.971,0.9747,0.9435,0.9695,0.9614,0.9663,0.9405,0.9661,0.9661,0.9832,0.9174,0.9186
sponge.arff,0.5024,0.7238,0.5952,0.4,0.3667,0.6083,0.531,0.7238,0.3,0.5071,0.6595,0.5762
squash-stored.arff,0.7736,0.8426,0.7901,0.7969,0.7504,0.8021,0.7601,0.8441,0.7706,0.8171,0.7579,0.7361
squash-unstored.arff,0.8177,0.7188,0.6577,0.718,0.7827,0.6682,0.6964,0.7202,0.5439,0.7872,0.6935,0.5863
stock.arff,0.9611,0.8161,0.9349,0.9562,0.9275,0.8237,0.8532,0.7805,0.9473,0.9628,0.7776,0.7765
strikes.arff,0.9999,0.7465,0.9991,0.9995,0.9999,0.6146,0.5821,0.5756,0.9996,1,0.5419,0.5521
sylva_agnostic.arff,0.9981,0.9852,0.9514,0.9754,0.9642,0.9977,0.9888,0.9966,0.9895,0.9973,0.9531,0.9443
sylva_prior.arff,0.998,0.9868,0.9499,0.9719,0.9711,0.9978,0.9828,0.9966,0.9888,0.9967,0.9451,0.9465
tae.arff,0.607,0.6076,0.5911,0.5932,0.5945,0.6051,0.6061,0.6076,0.5194,0.594,0.5781,0.5781
tecator.arff,0.9794,0.9606,0.9278,0.9121,0.9322,0.9848,0.9758,0.9606,0.9287,0.9803,0.9184,0.9096
thyroid_sick.arff,0.9571,0.9351,0.8647,0.9205,0.9021,0.9394,0.8972,0.9347,0.9181,0.9423,0.649,0.5
tic-tac-toe.arff,0.7708,0.7744,0.8714,0.7759,0.7265,0.7708,0.7254,0.7744,0.7502,0.8727,0.6732,0.6662
transplant.arff,0.9896,0.9977,0.988,0.994,0.9792,0.9985,0.9995,0.9992,0.9882,0.9995,0.994,0.9688
triazines.arff,0.8011,0.5209,0.7317,0.8051,0.7813,0.7547,0.7287,0.77,0.7473,0.8324,0.7185,0.6722
tumors_C.arff,0.4969,0.6068,0.652,0.5183,0.5812,0.5629,0.5745,0.6056,0.6874,0.5678,0.5842,0.5604
vehicle_sensIT.arff,0.9109,0.8405,0.7586,0.8484,0.8852,0.9107,0.899,0.8194,0.8948,0.9172,0.848,0.8463
vehicle.arff,0.9689,0.8045,0.8444,0.9573,0.9219,0.8844,0.891,0.7979,0.9475,0.9879,0.7268,0.5839
veteran.arff,0.7105,0.7522,0.7125,0.656,0.6137,0.7567,0.6705,0.7411,0.6458,0.7087,0.5946,0.6275
vineyard.arff,0.8423,0.7634,0.8118,0.8177,0.8185,0.7872,0.744,0.7634,0.7612,0.8929,0.8036,0.8036
vinnie.arff,0.917,0.8626,0.8939,0.8094,0.828,0.9266,0.9199,0.9274,0.8464,0.902,0.8363,0.8282
visualizing_environmental.arff,0.7549,0.7807,0.751,0.6537,0.6514,0.7528,0.7105,0.7809,0.7173,0.7754,0.7176,0.7209
visualizing_ethanol.arff,0.5261,0.476,0.5703,0.361,0.4349,0.5566,0.5357,0.5473,0.4514,0.6209,0.5426,0.5649
visualizing_galaxy.arff,0.9877,0.9802,0.937,0.9629,0.949,0.9948,0.992,0.9884,0.9595,0.9844,0.9592,0.9363
visualizing_hamster.arff,0.5167,0.4288,0.4246,0.4534,0.5061,0.4985,0.4932,0.4633,0.4413,0.4629,0.4705,0.4875
visualizing_livestock.arff,0.8291,0.8248,0.7899,0.6903,0.7663,0.7638,0.7676,0.8248,0.7232,0.5985,0.8333,0.7924
visualizing_slope.arff,0.9336,0.963,0.9063,0.8595,0.8453,0.8747,0.915,0.963,0.8834,0.9739,0.8932,0.8344
vote.arff,0.9881,0.9809,0.9887,0.9778,0.9478,0.983,0.9809,0.9858,0.981,0.9856,0.957,0.9589
water-treatment.arff,0.9905,0.9301,0.6208,0.983,0.9704,0.9921,0.7463,0.7221,0.9831,0.9837,0.5375,0.5125
waveform-5000.arff,0.8967,0.879,0.7312,0.874,0.8222,0.9009,0.8997,0.9022,0.8632,0.8805,0.8126,0.8072
webdata_wXa.arff,0.8661,0.8047,0.8647,0.8311,0.7137,0.8663,0.8387,0.8505,0.849,0.8654,0.7135,0.7074
white-clover.arff,0.6474,0.66,0.6921,0.5332,0.5979,0.6053,0.6158,0.6568,0.6568,0.74,0.6347,0.5347
wind_correlations.arff,0.9071,0.9704,0.916,0.8953,0.836,0.9229,0.9585,0.9625,0.8854,0.9615,0.9338,0.9111
wind.arff,0.9187,0.8736,0.784,0.8859,0.8603,0.921,0.9181,0.9127,0.8948,0.9228,0.8375,0.836
wisconsin.arff,0.5201,0.5233,0.5304,0.4879,0.5052,0.5273,0.5298,0.5086,0.5057,0.5298,0.509,0.4959
witmer_census_1980.arff,0.722,0.7885,0.6554,0.5785,0.6346,0.7869,0.7981,0.7885,0.4038,0.4038,0.7596,0.7596
yeast_ml8.arff,0.87,0.8705,0.87,0.4643,0.4643,0.87,0.8704,0.8705,0.4643,0.87,0.5,0.5
zoo.arff,1,1,1,1,1,1,1,1,1,1,1,1
